ILC1,ILC2
https://bartoc.org/ILC/1/c9h-thermal-energy,
https://bartoc.org/ILC/1/c-energy,http://www.iskoi.org/ilc/2/class/d
https://bartoc.org/ILC/1/cl-electromagnetic-radiation,
https://bartoc.org/ILC/1/faWc-inorganic-compounds,
https://bartoc.org/ILC/1/fdWu-organic-compounds,
https://bartoc.org/ILC/1/f-molecules,
https://bartoc.org/ILC/1/ij-snow,
https://bartoc.org/ILC/1/ita-climate-of-ice-caps,
https://bartoc.org/ILC/1/j6c-volcanic-activity,
https://bartoc.org/ILC/1/ja-minerals,
https://bartoc.org/ILC/1/j-land,
https://bartoc.org/ILC/1/js-landforms,
https://bartoc.org/ILC/1/jsq-glaciers,
https://bartoc.org/ILC/1/jsw-fresh-water-systems,
https://bartoc.org/ILC/1/jswr3f-flooding,
https://bartoc.org/ILC/1/jUeb-Ireland,
https://bartoc.org/ILC/1/jUedzk-Kemijoki-basin,
https://bartoc.org/ILC/1/jUe-Europe,
https://bartoc.org/ILC/1/jUh-Africa,
https://bartoc.org/ILC/1/jUou-Australia,
https://bartoc.org/ILC/1/jUow-New-Zealand,
https://bartoc.org/ILC/1/jUt-North-America,
https://bartoc.org/ILC/1/jUv-South-America,
https://bartoc.org/ILC/1/jy-soils,
https://bartoc.org/ILC/1/k-genes,
https://bartoc.org/ILC/1/km-genomes,
https://bartoc.org/ILC/1/kWn-life,
https://bartoc.org/ILC/1/l-bacteria,
https://bartoc.org/ILC/1/m-organisms,
https://bartoc.org/ILC/1/mq306j-poisoning,
https://bartoc.org/ILC/1/mq30-diseases,
https://bartoc.org/ILC/1/mq30id306n-AIDS,
https://bartoc.org/ILC/1/mq30nr-cancer,
https://bartoc.org/ILC/1/mq5n-nervous-system,
https://bartoc.org/ILC/1/mq-animals,
https://bartoc.org/ILC/1/mqU-animals-of-special-interest-for-man,
https://bartoc.org/ILC/1/n31y-extinction,
https://bartoc.org/ILC/1/n3m-migration,
https://bartoc.org/ILC/1/n-populations,
https://bartoc.org/ILC/1/ny-ecosystems,
https://bartoc.org/ILC/1/nyr-forests,
https://bartoc.org/ILC/1/nyw-agricultural-environment,
https://bartoc.org/ILC/1/nyx-urban-environment,
https://bartoc.org/ILC/1/osg-aggressivity,
https://bartoc.org/ILC/1/p6m-morals,
https://bartoc.org/ILC/1/r55n-noun,
https://bartoc.org/ILC/1/rae-Egyptian-languages,
https://bartoc.org/ILC/1/r-languages,
https://bartoc.org/ILC/1/rUE-English,
https://bartoc.org/ILC/1/s3w-tourism,
https://bartoc.org/ILC/1/s51i-children,
https://bartoc.org/ILC/1/s51l-adolescents,
https://bartoc.org/ILC/1/s51n-youth,
https://bartoc.org/ILC/1/s51p-adults,
https://bartoc.org/ILC/1/s53-occupied-as-job,
https://bartoc.org/ILC/1/s56ei-Latin,
https://bartoc.org/ILC/1/s56-ethnicity,
https://bartoc.org/ILC/1/s-civil-society,
https://bartoc.org/ILC/1/se-schools,
https://bartoc.org/ILC/1/seu-university,
https://bartoc.org/ILC/1/sg-cultural-services,
https://bartoc.org/ILC/1/sgh-archives,
https://bartoc.org/ILC/1/sgi-information-services,
https://bartoc.org/ILC/1/sgl-libraries,
https://bartoc.org/ILC/1/sgmu-museums,
https://bartoc.org/ILC/1/sh31a-prevention,
https://bartoc.org/ILC/1/sh31c-check-up,
https://bartoc.org/ILC/1/sh36n-nurse,
https://bartoc.org/ILC/1/sh3p-drug-administering,
https://bartoc.org/ILC/1/sh3-treatment,
https://bartoc.org/ILC/1/sh51v-old-people,
https://bartoc.org/ILC/1/sh70nr-cancer,
https://bartoc.org/ILC/1/sh9j-traditional-Chinese-medicine,
https://bartoc.org/ILC/1/sh9-traditional-medicine,
https://bartoc.org/ILC/1/sh9u-herbalism,
https://bartoc.org/ILC/1/shb-childbirth-assistance,
https://bartoc.org/ILC/1/sh-health-care,
https://bartoc.org/ILC/1/si-mental-health-care,
https://bartoc.org/ILC/1/sl51v-old-people,
https://bartoc.org/ILC/1/sl-welfare,
https://bartoc.org/ILC/1/ss-emergency-services,
https://bartoc.org/ILC/1/st-transport-services,
https://bartoc.org/ILC/1/sx-organized-civil-society,
https://bartoc.org/ILC/1/t1-historical-periods,
https://bartoc.org/ILC/1/t2-territories,
https://bartoc.org/ILC/1/t363a-war,
https://bartoc.org/ILC/1/t363t-cooperation,
https://bartoc.org/ILC/1/t3-administration,
https://bartoc.org/ILC/1/t3o-voting,
https://bartoc.org/ILC/1/t5-department,
https://bartoc.org/ILC/1/t5i-civil-service,
https://bartoc.org/ILC/1/t5o-court,
https://bartoc.org/ILC/1/t5t-military,
https://bartoc.org/ILC/1/t6c-contracts,
https://bartoc.org/ILC/1/t6-law,
https://bartoc.org/ILC/1/t6l-labour-law,
https://bartoc.org/ILC/1/t6s-constitutional-law,
https://bartoc.org/ILC/1/t70-offence,
https://bartoc.org/ILC/1/tc-ancient-Egypt,
https://bartoc.org/ILC/1/t-governments,
https://bartoc.org/ILC/1/tUa-Britain,
https://bartoc.org/ILC/1/tUae-England,
https://bartoc.org/ILC/1/tUal-Wales,
https://bartoc.org/ILC/1/tUas-Scotland,
https://bartoc.org/ILC/1/tUazn-Norway,
https://bartoc.org/ILC/1/tUazo-Sweden,
https://bartoc.org/ILC/1/tUazr-Finland,
https://bartoc.org/ILC/1/tUb-Germany,
https://bartoc.org/ILC/1/tU-contemporary-governments,
https://bartoc.org/ILC/1/tUdc-Catalonia,
https://bartoc.org/ILC/1/tUdh-Navarre,
https://bartoc.org/ILC/1/tUE-European-Union,
https://bartoc.org/ILC/1/tUf-Russia,
https://bartoc.org/ILC/1/tUi-Egypt,
https://bartoc.org/ILC/1/tUq-Japan,
https://bartoc.org/ILC/1/tUs-Australia,
https://bartoc.org/ILC/1/tUsWszy-Oceanian-states,
https://bartoc.org/ILC/1/tUszn-New-Zealand,
https://bartoc.org/ILC/1/tUu-United-States-of-America,
https://bartoc.org/ILC/1/tUwzv-Colombia,
https://bartoc.org/ILC/1/tUy-Argentina,
https://bartoc.org/ILC/1/tUyzc-Chile,
https://bartoc.org/ILC/1/u3e-management,
https://bartoc.org/ILC/1/u3k-advertising,
https://bartoc.org/ILC/1/u3m20u-international-trade,
https://bartoc.org/ILC/1/u3m-trade,
https://bartoc.org/ILC/1/u3o-consumption,
https://bartoc.org/ILC/1/u4-currencies,
https://bartoc.org/ILC/1/u5o-corporation,
https://bartoc.org/ILC/1/u67-asset,
https://bartoc.org/ILC/1/u6l-land,
https://bartoc.org/ILC/1/u8-goods-and-services,
https://bartoc.org/ILC/1/u9-labour,
https://bartoc.org/ILC/1/u9p-employment,
https://bartoc.org/ILC/1/u-economies,
https://bartoc.org/ILC/1/v4-using-tool,
https://bartoc.org/ILC/1/v8f-nutrition,
https://bartoc.org/ILC/1/vc-fishing,
https://bartoc.org/ILC/1/ve-conservation,
https://bartoc.org/ILC/1/vf-forestry,
https://bartoc.org/ILC/1/V-general-class,
https://bartoc.org/ILC/1/vh-horticulture,
https://bartoc.org/ILC/1/vj-subsistence,
https://bartoc.org/ILC/1/vm-farming,
https://bartoc.org/ILC/1/vo-husbandry,
https://bartoc.org/ILC/1/vq-cooking,
https://bartoc.org/ILC/1/v-technologies,
https://bartoc.org/ILC/1/vt-industry,
https://bartoc.org/ILC/1/vtt-electricity,
https://bartoc.org/ILC/1/vtv-electronics,
https://bartoc.org/ILC/1/vw-information-technology,
https://bartoc.org/ILC/1/w4a-stone,
https://bartoc.org/ILC/1/w4d-wood,
https://bartoc.org/ILC/1/w4materials,
https://bartoc.org/ILC/1/w4m-metal,
https://bartoc.org/ILC/1/w-artifacts,
https://bartoc.org/ILC/1/wc-clothing,
https://bartoc.org/ILC/1/wdj-jewelry,
https://bartoc.org/ILC/1/wk-buildings,
https://bartoc.org/ILC/1/wlm-metropolitan-areas,
https://bartoc.org/ILC/1/wl-settlements,
https://bartoc.org/ILC/1/wnih-ships,
https://bartoc.org/ILC/1/wni-vessels,
https://bartoc.org/ILC/1/wt-information-devices,
https://bartoc.org/ILC/1/wtkb-books,
https://bartoc.org/ILC/1/wtu-computers,
https://bartoc.org/ILC/1/wtwsh-webchat,
https://bartoc.org/ILC/1/wtws-the-Web,
https://bartoc.org/ILC/1/x-art,
https://bartoc.org/ILC/1/xb-sculptures,
https://bartoc.org/ILC/1/xbu-monuments,
https://bartoc.org/ILC/1/xg-drawings,
https://bartoc.org/ILC/1/xl-literature,
https://bartoc.org/ILC/1/xm-music,
https://bartoc.org/ILC/1/xn-dance,
https://bartoc.org/ILC/1/xo-circus,
https://bartoc.org/ILC/1/xr-theatre,
https://bartoc.org/ILC/1/xxi-swimming,
https://bartoc.org/ILC/1/xxn-winter-sports,
https://bartoc.org/ILC/1/xxo-open-air-sports,
https://bartoc.org/ILC/1/xxt-ball-team-sport,
https://bartoc.org/ILC/1/xxts-soccer,
https://bartoc.org/ILC/1/xxw-motor-sports,
https://bartoc.org/ILC/1/xy-entertainment,
https://bartoc.org/ILC/1/y3ri-indexing,
https://bartoc.org/ILC/1/y44w-online-documents,
https://bartoc.org/ILC/1/y49me-textbook,
https://bartoc.org/ILC/1/y49x-index,
https://bartoc.org/ILC/1/y4-documents,
https://bartoc.org/ILC/1/y4g-map,
https://bartoc.org/ILC/1/y-knowledge,
https://bartoc.org/ILC/1/ys-sciences,
https://bartoc.org/ILC/1/yty-library-and-information-science,
https://bartoc.org/ILC/1/yuh-history,
https://bartoc.org/ILC/1/yu-humanities,
https://bartoc.org/ILC/1/zp-ancient-Egyptian-religion,
https://bartoc.org/ILC/1/z-religion,
