level,notation,prefLabel
0,0,"Computer science, information & general works"
1,00,"Computer science, information & general works"
1,00,"Computer science, knowledge & systems"
2,001,"Knowledge"
2,002,"The book"
2,003,"Systems"
2,004,"Data processing & computer science"
2,005,"Computer programming, programs & data"
2,006,"Special computer methods"
1,01,"Bibliographies"
2,010,"Bibliography"
2,011,"Bibliographies"
2,012,"Bibliographies of individuals"
2,014,"Bibliographies of anonymous & pseudonymous works"
2,015,"Bibliographies of works from specific places"
2,016,"Bibliographies of works on specific subjects"
2,017,"General subject catalogs"
2,018,"Catalogs arranged by author, date, etc."
2,019,"Dictionary catalogs"
1,02,"Library & information sciences"
2,020,"Library & information sciences"
2,021,"Library relationships"
2,022,"Administration of physical plant"
2,023,"Personnel management"
2,025,"Library operations"
2,026,"Libraries for specific subjects"
2,027,"General libraries"
2,028,"Reading & use of other information media"
1,03,"Encyclopedias & books of facts"
2,030,"General encyclopedic works"
2,031,"Encyclopedias in American English"
2,032,"Encyclopedias in English"
2,033,"Encyclopedias in other Germanic languages"
2,034,"Encyclopedias in French, Occitan & Catalan"
2,035,"Encyclopedias in Italian, Romanian & related languages"
2,036,"Encyclopedias in Spanish & Portuguese"
2,037,"Encyclopedias in Slavic languages"
2,038,"Encyclopedias in Scandinavian languages"
2,039,"Encyclopedias in other languages"
1,05,"Magazines, journals & serials"
2,050,"General serial publications"
2,051,"Serials in American English"
2,052,"Serials in English"
2,053,"Serials in other Germanic languages"
2,054,"Serials in French, Occitan & Catalan"
2,055,"Serials in Italian, Romanian & related languages"
2,056,"Serials in Spanish & Portuguese"
2,057,"Serials in Slavic languages"
2,058,"Serials in Scandinavian languages"
2,059,"Serials in other languages"
1,06,"Associations, organizations & museums"
2,060,"General organizations & museum science"
2,061,"Organizations in North America"
2,062,"Organizations in British Isles; in England"
2,063,"Organizations in central Europe; in Germany"
2,064,"Organizations in France & Monaco"
2,065,"Organizations in Italy & adjacent islands"
2,066,"Organizations in Iberian Peninsula & adjacent islands"
2,067,"Organizations in eastern Europe; in Russia"
2,068,"Organizations in other geographic areas"
2,069,"Museum science"
1,07,"News media, journalism & publishing"
2,070,"News media, journalism & publishing"
2,071,"Newspapers in North America"
2,072,"Newspapers in British Isles; in England"
2,073,"Newspapers in central Europe; in Germany"
2,074,"Newspapers in France & Monaco"
2,075,"Newspapers in Italy & adjacent islands"
2,076,"Newspapers in Iberian Peninsula & adjacent islands"
2,077,"Newspapers in eastern Europe; in Russia"
2,078,"Newspapers in Scandinavia"
2,079,"Newspapers in other geographic areas"
1,08,"Quotations"
2,080,"General collections"
2,081,"Collections in American English"
2,082,"Collections in English"
2,083,"Collections in other Germanic languages"
2,084,"Collections in French, Occitan & Catalan"
2,085,"Collections in Italian, Romanian & related languages"
2,086,"Collections in Spanish & Portuguese"
2,087,"Collections in Slavic languages"
2,088,"Collections in Scandinavian languages"
2,089,"Collections in other languages"
1,09,"Manuscripts & rare books"
2,090,"Manuscripts & rare books"
2,091,"Manuscripts"
2,092,"Block books"
2,093,"Incunabula"
2,094,"Printed books"
2,095,"Books notable for bindings"
2,096,"Books notable for illustrations"
2,097,"Books notable for ownership or origin"
2,098,"Prohibited works, forgeries & hoaxes"
2,099,"Books notable for format"
0,1,"Philosophy & psychology"
1,10,"Philosophy"
2,100,"Philosophy & psychology"
2,101,"Theory of philosophy"
2,102,"Miscellany"
2,103,"Dictionaries & encyclopedias"
2,105,"Serial publications"
2,106,"Organizations & management"
2,107,"Education, research & related topics"
2,108,"Kinds of persons treatment"
2,109,"Historical & collected persons treatment"
1,11,"Metaphysics"
2,110,"Metaphysics"
2,111,"Ontology"
2,113,"Cosmology"
2,114,"Space"
2,115,"Time"
2,116,"Change"
2,117,"Structure"
2,118,"Force & energy"
2,119,"Number & quantity"
1,12,"Epistemology"
2,120,"Epistemology, causation & humankind"
2,121,"Epistemology"
2,122,"Causation"
2,123,"Determinism & indeterminism"
2,124,"Teleology"
2,126,"The self"
2,127,"The unconscious & the subconscious"
2,128,"Humankind"
2,129,"Origin & destiny of individual souls"
1,13,"Parapsychology & occultism"
2,130,"Parapsychology & occultism"
2,131,"Parapsychological & occult methods"
2,133,"Specific topics in parapsychology & occultism"
2,135,"Dreams & mysteries"
2,137,"Divinatory graphology"
2,138,"Physiognomy"
2,139,"Phrenology"
1,14,"Philosophical schools of thought"
2,140,"Specific philosophical schools"
2,141,"Idealism & related systems"
2,142,"Critical philosophy"
2,143,"Bergsonism & intuitionism"
2,144,"Humanism & related systems"
2,145,"Sensationalism"
2,146,"Naturalism & related systems"
2,147,"Pantheism & related systems"
2,148,"Eclecticism, liberalism & traditionalism"
2,149,"Other philosophical systems"
1,15,"Psychology"
2,150,"Psychology"
2,152,"Perception, movement, emotions & drives"
2,153,"Mental processes & intelligence"
2,154,"Subconscious & altered states"
2,155,"Differential & developmental psychology"
2,156,"Comparative psychology"
2,158,"Applied psychology"
1,16,"Logic"
2,160,"Logic"
2,161,"Induction"
2,162,"Deduction"
2,165,"Fallacies & sources of error"
2,166,"Syllogisms"
2,167,"Hypotheses"
2,168,"Argument & persuasion"
2,169,"Analogy"
1,17,"Ethics"
2,170,"Ethics"
2,171,"Ethical systems"
2,172,"Political ethics"
2,173,"Ethics of family relationships"
2,174,"Occupational ethics"
2,175,"Ethics of recreation & leisure"
2,176,"Ethics of sex & reproduction"
2,177,"Ethics of social relations"
2,178,"Ethics of consumption"
2,179,"Other ethical norms"
1,18,"Ancient, medieval & eastern philosophy"
2,180,"Ancient, medieval & eastern philosophy"
2,181,"Eastern philosophy"
2,182,"Pre-Socratic Greek philosophies"
2,183,"Socratic & related philosophies"
2,184,"Platonic philosophy"
2,185,"Aristotelian philosophy"
2,186,"Skeptic & Neoplatonic philosophies"
2,187,"Epicurean philosophy"
2,188,"Stoic philosophy"
2,189,"Medieval western philosophy"
1,19,"Modern western philosophy"
2,190,"Modern western philosophy"
2,191,"Philosophy of United States & Canada"
2,192,"Philosophy of British Isles"
2,193,"Philosophy of Germany & Austria"
2,194,"Philosophy of France"
2,195,"Philosophy of Italy"
2,196,"Philosophy of Spain & Portugal"
2,197,"Philosophy of former Soviet Union"
2,198,"Philosophy of Scandinavia"
2,199,"Philosophy in other geographic areas"
0,2,"Religion"
1,20,"Religion"
2,200,"Religion"
2,201,"Religious mythology & social theology"
2,202,"Doctrines"
2,203,"Public worship & other practices"
2,204,"Religious experience, life & practice"
2,205,"Religious ethics"
2,206,"Leaders & organization"
2,207,"Missions & religious education"
2,208,"Sources"
2,209,"Sects & reform movements"
1,21,"Philosophy & theory of religion"
2,210,"Philosophy & theory of religion"
2,211,"Concepts of God"
2,212,"Existence, knowability & attributes of God"
2,213,"Creation"
2,214,"Theodicy"
2,215,"Science & religion"
2,218,"Humankind"
1,22,"The Bible"
2,220,"Bible"
2,221,"Old Testament (Tanakh)"
2,222,"Historical books of Old Testament"
2,223,"Poetic books of Old Testament"
2,224,"Prophetic books of Old Testament"
2,225,"New Testament"
2,226,"Gospels & Acts"
2,227,"Epistles"
2,228,"Revelation (Apocalypse)"
2,229,"Apocrypha & pseudepigrapha"
1,23,"Christianity & Christian theology"
2,230,"Christianity & Christian theology"
2,231,"God"
2,232,"Jesus Christ & his family"
2,233,"Humankind"
2,234,"Salvation & grace"
2,235,"Spiritual beings"
2,236,"Eschatology"
2,238,"Creeds & catechisms"
2,239,"Apologetics & polemics"
1,24,"Christian practice & observance"
2,240,"Christian moral & devotional theology"
2,241,"Christian ethics"
2,242,"Devotional literature"
2,243,"Evangelistic writings for individuals"
2,246,"Use of art in Christianity"
2,247,"Church furnishings & articles"
2,248,"Christian experience, practice & life"
2,249,"Christian observances in family life"
1,25,"Christian pastoral practice & religious orders"
2,250,"Christian orders & local church"
2,251,"Preaching"
2,252,"Texts of sermons"
2,253,"Pastoral office & work"
2,254,"Parish administration"
2,255,"Religious congregations & orders"
2,259,"Pastoral care of families & kinds of persons"
1,26,"Christian organization, social work & worship"
2,260,"Social & ecclesiastical theology"
2,261,"Social theology"
2,262,"Ecclesiology"
2,263,"Days, times & places of observance"
2,264,"Public worship"
2,265,"Sacraments, other rites & acts"
2,266,"Missions"
2,267,"Associations for religious work"
2,268,"Religious education"
2,269,"Spiritual renewal"
1,27,"History of Christianity"
2,270,"History of Christianity & Christian church"
2,271,"Religious orders in church history"
2,272,"Persecutions in church history"
2,273,"Doctrinal controversies & heresies"
2,274,"History of Christianity in Europe"
2,275,"History of Christianity in Asia"
2,276,"History of Christianity in Africa"
2,277,"History of Christianity in North America"
2,278,"History of Christianity in South America"
2,279,"History of Christianity in other areas"
1,28,"Christian denominations"
2,280,"Christian denominations & sects"
2,281,"Early church & Eastern churches"
2,282,"Roman Catholic Church"
2,283,"Anglican churches"
2,284,"Protestants of Continental origin"
2,285,"Presbyterian, Reformed & Congregational"
2,286,"Baptist, Disciples of Christ & Adventist"
2,287,"Methodist & related churches"
2,289,"Other denominations & sects"
1,29,"Other religions"
2,290,"Other religions"
2,292,"Greek & Roman religion"
2,293,"Germanic religion"
2,294,"Religions of Indic origin"
2,295,"Zoroastrianism"
2,296,"Judaism"
2,297,"Islam, Babism & Bahai Faith"
2,299,"Religions not provided for elsewhere"
0,3,"Social sciences"
1,30,"Social sciences, sociology & anthropology"
2,300,"Social sciences"
2,301,"Sociology & anthropology"
2,302,"Social interaction"
2,303,"Social processes"
2,304,"Factors affecting social behavior"
2,305,"Social groups"
2,306,"Culture & institutions"
2,307,"Communities"
1,31,"Statistics"
2,310,"Collections of general statistics"
2,314,"General statistics of Europe"
2,315,"General statistics of Asia"
2,316,"General statistics of Africa"
2,317,"General statistics of North America"
2,318,"General statistics of South America"
2,319,"General statistics of other areas"
1,32,"Political science"
2,320,"Political science"
2,321,"Systems of governments & states"
2,322,"Relation of state to organized groups"
2,323,"Civil & political rights"
2,324,"The political process"
2,325,"International migration & colonization"
2,326,"Slavery & emancipation"
2,327,"International relations"
2,328,"The legislative process"
1,33,"Economics"
2,330,"Economics"
2,331,"Labor economics"
2,332,"Financial economics"
2,333,"Economics of land & energy"
2,334,"Cooperatives"
2,335,"Socialism & related systems"
2,336,"Public finance"
2,337,"International economics"
2,338,"Production"
2,339,"Macroeconomics & related topics"
1,34,"Law"
2,340,"Law"
2,341,"Law of nations"
2,342,"Constitutional & administrative law"
2,343,"Military, tax, trade & industrial law"
2,344,"Labor, social, education & cultural law"
2,345,"Criminal law"
2,346,"Private law"
2,347,"Civil procedure & courts"
2,348,"Laws, regulations & cases"
2,349,"Law of specific jurisdictions & areas"
1,35,"Public administration & military science"
2,350,"Public administration & military science"
2,351,"Public administration"
2,352,"General considerations of public administration"
2,353,"Specific fields of public administration"
2,354,"Administration of economy & environment"
2,355,"Military science"
2,356,"Infantry forces & warfare"
2,357,"Mounted forces & warfare"
2,358,"Air & other specialized forces"
2,359,"Sea forces & warfare"
1,36,"Social problems & social services"
2,360,"Social problems & services; associations"
2,361,"Social problems & social welfare in general"
2,362,"Social welfare problems & services"
2,363,"Other social problems & services"
2,364,"Criminology"
2,365,"Penal & related institutions"
2,366,"Associations"
2,367,"General clubs"
2,368,"Insurance"
2,369,"Miscellaneous kinds of associations"
1,37,"Education"
2,370,"Education"
2,371,"Schools & their activities; special education"
2,372,"Elementary education"
2,373,"Secondary education"
2,374,"Adult education"
2,375,"Curricula"
2,378,"Higher education"
2,379,"Public policy issues in education"
1,38,"Commerce, communications & transportation"
2,380,"Commerce, communications & transportation"
2,381,"Commerce"
2,382,"International commerce"
2,383,"Postal communication"
2,384,"Communications; telecommunication"
2,385,"Railroad transportation"
2,386,"Inland waterway & ferry transportation"
2,387,"Water, air & space transportation"
2,388,"Transportation; ground transportation"
2,389,"Metrology & standardization"
1,39,"Customs, etiquette & folklore"
2,390,"Customs, etiquette & folklore"
2,391,"Costume & personal appearance"
2,392,"Customs of life cycle & domestic life"
2,393,"Death customs"
2,394,"General customs"
2,395,"Etiquette (Manners)"
2,398,"Folklore"
2,399,"Customs of war & diplomacy"
0,4,"Language"
1,40,"Language"
2,400,"Language"
2,401,"Philosophy & theory"
2,402,"Miscellany"
2,403,"Dictionaries & encyclopedias"
2,404,"Special topics"
2,405,"Serial publications"
2,406,"Organizations & management"
2,407,"Education, research & related topics"
2,408,"Kinds of persons treatment"
2,409,"Geographic & persons treatment"
1,41,"Linguistics"
2,410,"Linguistics"
2,411,"Writing systems"
2,412,"Etymology"
2,413,"Dictionaries"
2,414,"Phonology & phonetics"
2,415,"Grammar"
2,417,"Dialectology & historical linguistics"
2,418,"Standard usage & applied linguistics"
2,419,"Sign languages"
1,42,"English & Old English languages"
2,420,"English & Old English"
2,421,"English writing system & phonology"
2,422,"English etymology"
2,423,"English dictionaries"
2,425,"English grammar"
2,427,"English language variations"
2,428,"Standard English usage"
2,429,"Old English (Anglo-Saxon)"
1,43,"German & related languages"
2,430,"Germanic languages; German"
2,431,"German writing systems & phonology"
2,432,"German etymology"
2,433,"German dictionaries"
2,435,"German grammar"
2,437,"German language variations"
2,438,"Standard German usage"
2,439,"Other Germanic languages"
1,44,"French & related languages"
2,440,"Romance languages; French"
2,441,"French writing systems & phonology"
2,442,"French etymology"
2,443,"French dictionaries"
2,445,"French grammar"
2,447,"French language variations"
2,448,"Standard French usage"
2,449,"Occitan & Catalan"
1,45,"Italian, Romanian & related languages"
2,450,"Italian, Romanian & related languages"
2,451,"Italian writing systems & phonology"
2,452,"Italian etymology"
2,453,"Italian dictionaries"
2,455,"Italian grammar"
2,457,"Italian language variations"
2,458,"Standard Italian usage"
2,459,"Romanian & related languages"
1,46,"Spanish & Portuguese languages"
2,460,"Spanish & Portuguese languages"
2,461,"Spanish writing systems & phonology"
2,462,"Spanish etymology"
2,463,"Spanish dictionaries"
2,465,"Spanish grammar"
2,467,"Spanish language variations"
2,468,"Standard Spanish usage"
2,469,"Portuguese"
1,47,"Latin & Italic languages"
2,470,"Italic languages; Latin"
2,471,"Classical Latin writing & phonology"
2,472,"Classical Latin etymology"
2,473,"Classical Latin dictionaries"
2,475,"Classical Latin grammar"
2,477,"Old, postclassical & Vulgar Latin"
2,478,"Classical Latin usage"
2,479,"Other Italic languages"
1,48,"Classical & modern Greek languages"
2,480,"Hellenic languages; classical Greek"
2,481,"Classical Greek writing & phonology"
2,482,"Classical Greek etymology"
2,483,"Classical Greek dictionaries"
2,485,"Classical Greek grammar"
2,487,"Preclassical & postclassical Greek"
2,488,"Classical Greek usage"
2,489,"Other Hellenic languages"
1,49,"Other languages"
2,490,"Other languages"
2,491,"East Indo-European & Celtic languages"
2,492,"Afro-Asiatic languages; Semitic languages"
2,493,"Non-Semitic Afro-Asiatic languages"
2,494,"Altaic, Uralic, Hyperborean & Dravidian"
2,495,"Languages of East & Southeast Asia"
2,496,"African languages"
2,497,"North American native languages"
2,498,"South American native languages"
2,499,"Austronesian & other languages"
0,5,"Science"
1,50,"Science"
2,500,"Natural sciences & mathematics"
2,501,"Philosophy & theory"
2,502,"Miscellany"
2,503,"Dictionaries & encyclopedias"
2,505,"Serial publications"
2,506,"Organizations & management"
2,507,"Education, research & related topics"
2,508,"Natural history"
2,509,"Historical, geographic & persons treatment"
1,51,"Mathematics"
2,510,"Mathematics"
2,511,"General principles of mathematics"
2,512,"Algebra"
2,513,"Arithmetic"
2,514,"Topology"
2,515,"Analysis"
2,516,"Geometry"
2,518,"Numerical analysis"
2,519,"Probabilities & applied mathematics"
1,52,"Astronomy"
2,520,"Astronomy & allied sciences"
2,521,"Celestial mechanics"
2,522,"Techniques, equipment & materials"
2,523,"Specific celestial bodies & phenomena"
2,525,"Earth (Astronomical geography)"
2,526,"Mathematical geography"
2,527,"Celestial navigation"
2,528,"Ephemerides"
2,529,"Chronology"
1,53,"Physics"
2,530,"Physics"
2,531,"Classical mechanics; solid mechanics"
2,532,"Fluid mechanics; liquid mechanics"
2,533,"Gas mechanics"
2,534,"Sound & related vibrations"
2,535,"Light & infrared & ultraviolet phenomena"
2,536,"Heat"
2,537,"Electricity & electronics"
2,538,"Magnetism"
2,539,"Modern physics"
1,54,"Chemistry"
2,540,"Chemistry & allied sciences"
2,541,"Physical chemistry"
2,542,"Techniques, equipment & materials"
2,543,"Analytical chemistry"
2,546,"Inorganic chemistry"
2,547,"Organic chemistry"
2,548,"Crystallography"
2,549,"Mineralogy"
1,55,"Earth sciences & geology"
2,550,"Earth sciences"
2,551,"Geology, hydrology & meteorology"
2,552,"Petrology"
2,553,"Economic geology"
2,554,"Earth sciences of Europe"
2,555,"Earth sciences of Asia"
2,556,"Earth sciences of Africa"
2,557,"Earth sciences of North America"
2,558,"Earth sciences of South America"
2,559,"Earth sciences of other areas"
1,56,"Fossils & prehistoric life"
2,560,"Paleontology; paleozoology"
2,561,"Paleobotany; fossil microorganisms"
2,562,"Fossil invertebrates"
2,563,"Fossil marine & seashore invertebrates"
2,564,"Fossil mollusks & molluscoids"
2,565,"Fossil arthropods"
2,566,"Fossil chordates"
2,567,"Fossil cold-blooded vertebrates; fossil fishes"
2,568,"Fossil birds"
2,569,"Fossil mammals"
1,57,"Life sciences; biology"
2,570,"Life sciences; biology"
2,571,"Physiology & related subjects"
2,572,"Biochemistry"
2,573,"Specific physiological systems in animals"
2,575,"Specific parts of & systems in plants"
2,576,"Genetics & evolution"
2,577,"Ecology"
2,578,"Natural history of organisms"
2,579,"Microorganisms, fungi & algae"
1,58,"Plants (Botany)"
2,580,"Plants (Botany)"
2,581,"Specific topics in natural history"
2,582,"Plants noted for characteristics & flowers"
2,583,"Dicotyledons"
2,584,"Monocotyledons"
2,585,"Gymnosperms; conifers"
2,586,"Seedless plants"
2,587,"Vascular seedless plants"
2,588,"Bryophytes"
1,59,"Animals (Zoology)"
2,590,"Animals (Zoology)"
2,591,"Specific topics in natural history"
2,592,"Invertebrates"
2,593,"Marine & seashore invertebrates"
2,594,"Mollusks & molluscoids"
2,595,"Arthropods"
2,596,"Chordates"
2,597,"Cold-blooded vertebrates; fishes"
2,598,"Birds"
2,599,"Mammals"
0,6,"Technology"
1,60,"Technology"
2,600,"Technology"
2,601,"Philosophy & theory"
2,602,"Miscellany"
2,603,"Dictionaries & encyclopedias"
2,604,"Special topics"
2,605,"Serial publications"
2,606,"Organizations"
2,607,"Education, research & related topics"
2,608,"Inventions & patents"
2,609,"Historical, geographic & persons treatment"
1,61,"Medicine & health"
2,610,"Medicine & health"
2,611,"Human anatomy, cytology & histology"
2,612,"Human physiology"
2,613,"Personal health & safety"
2,614,"Incidence & prevention of disease"
2,615,"Pharmacology & therapeutics"
2,616,"Diseases"
2,617,"Surgery & related medical specialties"
2,618,"Gynecology, obstetrics, pediatrics & geriatrics"
1,62,"Engineering"
2,620,"Engineering & allied operations"
2,621,"Applied physics"
2,622,"Mining & related operations"
2,623,"Military & nautical engineering"
2,624,"Civil engineering"
2,625,"Engineering of railroads & roads"
2,627,"Hydraulic engineering"
2,628,"Sanitary & municipal engineering"
2,629,"Other branches of engineering"
1,63,"Agriculture"
2,630,"Agriculture & related technologies"
2,631,"Techniques, equipment & materials"
2,632,"Plant injuries, diseases & pests"
2,633,"Field & plantation crops"
2,634,"Orchards, fruits & forestry"
2,635,"Garden crops (Horticulture)"
2,636,"Animal husbandry"
2,637,"Processing dairy & related products"
2,638,"Insect culture"
2,639,"Hunting, fishing & conservation"
1,64,"Home & family management"
2,640,"Home & family management"
2,641,"Food & drink"
2,642,"Meals & table service"
2,643,"Housing & household equipment"
2,644,"Household utilities"
2,645,"Household furnishings"
2,646,"Sewing, clothing & personal living"
2,647,"Management of public households"
2,648,"Housekeeping"
2,649,"Child rearing & home care of persons"
1,65,"Management & public relations"
2,650,"Management & auxiliary services"
2,651,"Office services"
2,652,"Processes of written communication"
2,653,"Shorthand"
2,657,"Accounting"
2,658,"General management"
2,659,"Advertising & public relations"
1,66,"Chemical engineering"
2,660,"Chemical engineering"
2,661,"Industrial chemicals"
2,662,"Explosives, fuels & related products"
2,663,"Beverage technology"
2,664,"Food technology"
2,665,"Industrial oils, fats, waxes & gases"
2,666,"Ceramic & allied technologies"
2,667,"Cleaning, color & coating technologies"
2,668,"Technology of other organic products"
2,669,"Metallurgy"
1,67,"Manufacturing"
2,670,"Manufacturing"
2,671,"Metalworking & primary metal products"
2,672,"Iron, steel & other iron alloys"
2,673,"Nonferrous metals"
2,674,"Lumber processing, wood products & cork"
2,675,"Leather & fur processing"
2,676,"Pulp & paper technology"
2,677,"Textiles"
2,678,"Elastomers & elastomer products"
2,679,"Other products of specific materials"
1,68,"Manufacture for specific uses"
2,680,"Manufacture for specific uses"
2,681,"Precision instruments & other devices"
2,682,"Small forge work (Blacksmithing)"
2,683,"Hardware & household appliances"
2,684,"Furnishings & home workshops"
2,685,"Leather, fur goods & related products"
2,686,"Printing & related activities"
2,687,"Clothing & accessories"
2,688,"Other final products & packaging"
1,69,"Building & construction"
2,690,"Buildings"
2,691,"Building materials"
2,692,"Auxiliary construction practices"
2,693,"Specific materials & purposes"
2,694,"Wood construction & carpentry"
2,695,"Roof covering"
2,696,"Utilities"
2,697,"Heating, ventilating & air-conditioning"
2,698,"Detail finishing"
0,7,"Arts & recreation"
1,70,"Arts"
2,700,"The arts; fine & decorative arts"
2,701,"Philosophy of fine & decorative arts"
2,702,"Miscellany of fine & decorative arts"
2,703,"Dictionaries of fine & decorative arts"
2,704,"Special topics in fine & decorative arts"
2,705,"Serial publications of fine & decorative arts"
2,706,"Organizations & management"
2,707,"Education, research & related topics"
2,708,"Galleries, museums & private collections"
2,709,"Historical, geographic & persons treatment"
1,71,"Landscaping & area planning"
2,710,"Civic & landscape art"
2,711,"Area planning"
2,712,"Landscape architecture"
2,713,"Landscape architecture of trafficways"
2,714,"Water features"
2,715,"Woody plants"
2,716,"Herbaceous plants"
2,717,"Structures in landscape architecture"
2,718,"Landscape design of cemeteries"
2,719,"Natural landscapes"
1,72,"Architecture"
2,720,"Architecture"
2,721,"Architectural structure"
2,722,"Architecture to ca. 300"
2,723,"Architecture from ca. 300 to 1399"
2,724,"Architecture from 1400"
2,725,"Public structures"
2,726,"Buildings for religious purposes"
2,727,"Buildings for education & research"
2,728,"Residential & related buildings"
2,729,"Design & decoration"
1,73,"Sculpture, ceramics & metalwork"
2,730,"Plastic arts; sculpture"
2,731,"Processes, forms & subjects of sculpture"
2,732,"Sculpture to ca. 500"
2,733,"Greek, Etruscan & Roman sculpture"
2,734,"Sculpture from ca. 500 to 1399"
2,735,"Sculpture from 1400"
2,736,"Carving & carvings"
2,737,"Numismatics & sigillography"
2,738,"Ceramic arts"
2,739,"Art metalwork"
1,74,"Drawing & decorative arts"
2,740,"Drawing & decorative arts"
2,741,"Drawing & drawings"
2,742,"Perspective"
2,743,"Drawing & drawings by subject"
2,745,"Decorative arts"
2,746,"Textile arts"
2,747,"Interior decoration"
2,748,"Glass"
2,749,"Furniture & accessories"
1,75,"Painting"
2,750,"Painting & paintings"
2,751,"Techniques, equipment, materials & forms"
2,752,"Color"
2,753,"Symbolism, allegory, mythology & legend"
2,754,"Genre paintings"
2,755,"Religion"
2,757,"Human figures"
2,758,"Other subjects"
2,759,"Historical, geographic & persons treatment"
1,76,"Graphic arts"
2,760,"Graphic arts; printmaking & prints"
2,761,"Relief processes (Block printing)"
2,763,"Lithographic processes"
2,764,"Chromolithography & serigraphy"
2,765,"Metal engraving"
2,766,"Mezzotinting, aquatinting & related processes"
2,767,"Etching & drypoint"
2,769,"Prints"
1,77,"Photography & computer art"
2,770,"Photography, photographs & computer art"
2,771,"Techniques, equipment & materials"
2,772,"Metallic salt processes"
2,773,"Pigment processes of printing"
2,774,"Holography"
2,775,"Digital photography"
2,776,"Computer art (Digital art)"
2,778,"Fields & kinds of photography"
2,779,"Photographs"
1,78,"Music"
2,780,"Music"
2,781,"General principles & musical forms"
2,782,"Vocal music"
2,783,"Music for single voices; the voice"
2,784,"Instruments & instrumental ensembles"
2,785,"Ensembles with one instrument per part"
2,786,"Keyboard & other instruments"
2,787,"Stringed instruments"
2,788,"Wind instruments"
1,79,"Sports, games & entertainment"
2,790,"Recreational & performing arts"
2,791,"Public performances"
2,792,"Stage presentations"
2,793,"Indoor games & amusements"
2,794,"Indoor games of skill"
2,795,"Games of chance"
2,796,"Athletic & outdoor sports & games"
2,797,"Aquatic & air sports"
2,798,"Equestrian sports & animal racing"
2,799,"Fishing, hunting & shooting"
0,8,"Literature"
1,80,"Literature, rhetoric & criticism"
2,800,"Literature & rhetoric"
2,801,"Philosophy & theory"
2,802,"Miscellany"
2,803,"Dictionaries & encyclopedias"
2,805,"Serial publications"
2,806,"Organizations & management"
2,807,"Education, research & related topics"
2,808,"Rhetoric & collections of literature"
2,809,"History, description & criticism"
1,81,"American literature in English"
2,810,"American literature in English"
2,811,"American poetry in English"
2,812,"American drama in English"
2,813,"American fiction in English"
2,814,"American essays in English"
2,815,"American speeches in English"
2,816,"American letters in English"
2,817,"American humor & satire in English"
2,818,"American miscellaneous writings"
1,82,"English & Old English literatures"
2,820,"English & Old English literatures"
2,821,"English poetry"
2,822,"English drama"
2,823,"English fiction"
2,824,"English essays"
2,825,"English speeches"
2,826,"English letters"
2,827,"English humor & satire"
2,828,"English miscellaneous writings"
2,829,"Old English (Anglo-Saxon)"
1,83,"German & related literatures"
2,830,"Literatures of Germanic languages"
2,831,"German poetry"
2,832,"German drama"
2,833,"German fiction"
2,834,"German essays"
2,835,"German speeches"
2,836,"German letters"
2,837,"German humor & satire"
2,838,"German miscellaneous writings"
2,839,"Other Germanic literatures"
1,84,"French & related literatures"
2,840,"Literatures of Romance languages"
2,841,"French poetry"
2,842,"French drama"
2,843,"French fiction"
2,844,"French essays"
2,845,"French speeches"
2,846,"French letters"
2,847,"French humor & satire"
2,848,"French miscellaneous writings"
2,849,"Occitan & Catalan literatures"
1,85,"Italian, Romanian & related literatures"
2,850,"Italian, Romanian & related literatures"
2,851,"Italian poetry"
2,852,"Italian drama"
2,853,"Italian fiction"
2,854,"Italian essays"
2,855,"Italian speeches"
2,856,"Italian letters"
2,857,"Italian humor & satire"
2,858,"Italian miscellaneous writings"
2,859,"Romanian & related literatures"
1,86,"Spanish & Portuguese literatures"
2,860,"Spanish & Portuguese literatures"
2,861,"Spanish poetry"
2,862,"Spanish drama"
2,863,"Spanish fiction"
2,864,"Spanish essays"
2,865,"Spanish speeches"
2,866,"Spanish letters"
2,867,"Spanish humor & satire"
2,868,"Spanish miscellaneous writings"
2,869,"Portuguese literature"
1,87,"Latin & Italic literatures"
2,870,"Italic literatures; Latin literature"
2,871,"Latin poetry"
2,872,"Latin dramatic poetry & drama"
2,873,"Latin epic poetry & fiction"
2,874,"Latin lyric poetry"
2,875,"Latin speeches"
2,876,"Latin letters"
2,877,"Latin humor & satire"
2,878,"Latin miscellaneous writings"
2,879,"Literatures of other Italic languages"
1,88,"Classical & modern Greek literatures"
2,880,"Hellenic literatures; classical Greek"
2,881,"Classical Greek poetry"
2,882,"Classical Greek dramatic poetry & drama"
2,883,"Classical Greek epic poetry & fiction"
2,884,"Classical Greek lyric poetry"
2,885,"Classical Greek speeches"
2,886,"Classical Greek letters"
2,887,"Classical Greek humor & satire"
2,888,"Classical Greek miscellaneous writings"
2,889,"Modern Greek literature"
1,89,"Other literatures"
2,890,"Literatures of other languages"
2,891,"East Indo-European & Celtic literatures"
2,892,"Afro-Asiatic literatures; Semitic literatures"
2,893,"Non-Semitic Afro-Asiatic literatures"
2,894,"Altaic, Uralic, Hyperborean & Dravidian"
2,895,"Literatures of East & Southeast Asia"
2,896,"African literatures"
2,897,"North American native literatures"
2,898,"South American native literatures"
2,899,"Austronesian & other literatures"
0,9,"History & geography"
1,90,"History"
2,900,"History & geography"
2,901,"Philosophy & theory"
2,902,"Miscellany"
2,903,"Dictionaries & encyclopedias"
2,904,"Collected accounts of events"
2,905,"Serial publications"
2,906,"Organizations & management"
2,907,"Education, research & related topics"
2,908,"Kinds of persons treatment"
2,909,"World history"
1,91,"Geography & travel"
2,910,"Geography & travel"
2,911,"Historical geography"
2,912,"Atlases, maps, charts & plans"
2,913,"Geography of & travel in ancient world"
2,914,"Geography of & travel in Europe"
2,915,"Geography of & travel in Asia"
2,916,"Geography of & travel in Africa"
2,917,"Geography of & travel in North America"
2,918,"Geography of & travel in South America"
2,919,"Geography of & travel in other areas"
1,92,"Biography & genealogy"
2,920,"Biography, genealogy & insignia"
2,929,"Genealogy, names & insignia"
1,93,"History of ancient world (to ca. 499)"
2,930,"History of ancient world to ca. 499"
2,931,"China to 420"
2,932,"Egypt to 640"
2,933,"Palestine to 70"
2,934,"India to 647"
2,935,"Mesopotamia & Iranian Plateau to 637"
2,936,"Europe north & west of Italy to ca. 499"
2,937,"Italy & adjacent territories to 476"
2,938,"Greece to 323"
2,939,"Other parts of ancient world to ca. 640"
1,94,"History of Europe"
2,940,"History of Europe"
2,941,"British Isles"
2,942,"England & Wales"
2,943,"Central Europe; Germany"
2,944,"France & Monaco"
2,945,"Italian Peninsula & adjacent islands"
2,946,"Iberian Peninsula & adjacent islands"
2,947,"Eastern Europe; Russia"
2,948,"Scandinavia"
2,949,"Other parts of Europe"
1,95,"History of Asia"
2,950,"History of Asia; Far East"
2,951,"China & adjacent areas"
2,952,"Japan"
2,953,"Arabian Peninsula & adjacent areas"
2,954,"South Asia; India"
2,955,"Iran"
2,956,"Middle East (Near East)"
2,957,"Siberia (Asiatic Russia)"
2,958,"Central Asia"
2,959,"Southeast Asia"
1,96,"History of Africa"
2,960,"History of Africa"
2,961,"Tunisia & Libya"
2,962,"Egypt & Sudan"
2,963,"Ethiopia & Eritrea"
2,964,"Northwest African coast & offshore islands"
2,965,"Algeria"
2,966,"West Africa & offshore islands"
2,967,"Central Africa & offshore islands"
2,968,"Southern Africa; Republic of South Africa"
2,969,"South Indian Ocean islands"
1,97,"History of North America"
2,970,"History of North America"
2,971,"Canada"
2,972,"Middle America; Mexico"
2,973,"United States"
2,974,"Northeastern United States"
2,975,"Southeastern United States"
2,976,"South central United States"
2,977,"North central United States"
2,978,"Western United States"
2,979,"Great Basin & Pacific Slope region"
1,98,"History of South America"
2,980,"History of South America"
2,981,"Brazil"
2,982,"Argentina"
2,983,"Chile"
2,984,"Bolivia"
2,985,"Peru"
2,986,"Colombia & Ecuador"
2,987,"Venezuela"
2,988,"Guiana"
2,989,"Paraguay & Uruguay"
1,99,"History of other areas"
2,990,"History of other areas"
2,993,"New Zealand"
2,994,"Australia"
2,995,"Melanesia; New Guinea"
2,996,"Other parts of Pacific; Polynesia"
2,997,"Atlantic Ocean islands"
2,998,"Arctic islands & Antarctica"
2,999,"Extraterrestrial worlds"
