/en/EuroVoc/biology,http://eurovoc.europa.eu/4921
/en/EuroVoc/cultural-heritage,http://eurovoc.europa.eu/2278
/en/EuroVoc/ecology,http://eurovoc.europa.eu/632
/en/EuroVoc/education,http://eurovoc.europa.eu/668
/en/EuroVoc/environmental-protection,http://eurovoc.europa.eu/2825
/en/EuroVoc/farming-sector,http://eurovoc.europa.eu/5886
/en/EuroVoc/geography,http://eurovoc.europa.eu/1148
/en/EuroVoc/marine-life,http://eurovoc.europa.eu/3149
/en/EuroVoc/medicine,http://eurovoc.europa.eu/1852
/en/EuroVoc/semantic-web,http://eurovoc.europa.eu/c_a17a2156
/en/taxonomy/term/10752,http://eurovoc.europa.eu/1172
/en/taxonomy/term/51247,http://eurovoc.europa.eu/4704
/en/taxonomy/term/51556,http://eurovoc.europa.eu/1282
/en/taxonomy/term/12583,http://eurovoc.europa.eu/2030
/en/taxonomy/term/14171,http://eurovoc.europa.eu/4188
/en/taxonomy/term/51251,http://eurovoc.europa.eu/2242
/en/taxonomy/term/11873,http://eurovoc.europa.eu/2242
/en/taxonomy/term/12508,http://eurovoc.europa.eu/425
/en/taxonomy/term/11598,http://eurovoc.europa.eu/4704
/en/taxonomy/term/11859,http://eurovoc.europa.eu/558
/en/taxonomy/term/12654,http://eurovoc.europa.eu/2003
/en/taxonomy/term/51497,http://eurovoc.europa.eu/4045
/en/taxonomy/term/11809,http://eurovoc.europa.eu/4730
/en/taxonomy/term/51565,http://eurovoc.europa.eu/2162
/en/taxonomy/term/51566,http://eurovoc.europa.eu/885
/en/taxonomy/term/11913,http://eurovoc.europa.eu/886
/en/taxonomy/term/12637,http://eurovoc.europa.eu/517
/en/taxonomy/term/51474,http://eurovoc.europa.eu/2166
/en/taxonomy/term/12644,http://eurovoc.europa.eu/6894
/en/taxonomy/term/11796,http://eurovoc.europa.eu/8466
/en/taxonomy/term/51415,http://eurovoc.europa.eu/3228
/en/taxonomy/term/51384,http://eurovoc.europa.eu/3474
/en/taxonomy/term/51385,http://eurovoc.europa.eu/3474
/en/taxonomy/term/11786,http://eurovoc.europa.eu/3228
/en/taxonomy/term/12564,http://eurovoc.europa.eu/5121
/en/taxonomy/term/11629,http://eurovoc.europa.eu/3077
/en/taxonomy/term/11811,http://eurovoc.europa.eu/216
/en/taxonomy/term/11789,http://eurovoc.europa.eu/2986
/en/taxonomy/term/58684,http://eurovoc.europa.eu/3450
/en/taxonomy/term/58685,http://eurovoc.europa.eu/99
/en/taxonomy/term/58687,http://eurovoc.europa.eu/7214
/en/taxonomy/term/11799,http://eurovoc.europa.eu/3450
/en/taxonomy/term/12551,http://eurovoc.europa.eu/1743
/en/taxonomy/term/51659,http://eurovoc.europa.eu/2628
/en/taxonomy/term/58645,http://eurovoc.europa.eu/7809
/en/taxonomy/term/51660,http://eurovoc.europa.eu/3442
/en/taxonomy/term/51560,http://eurovoc.europa.eu/2464
/en/taxonomy/term/11649,http://eurovoc.europa.eu/7340
/en/taxonomy/term/51571,http://eurovoc.europa.eu/1451
/en/taxonomy/term/12519,http://eurovoc.europa.eu/255
/en/taxonomy/term/51394,http://eurovoc.europa.eu/5640
/en/taxonomy/term/12518,http://eurovoc.europa.eu/5854
/en/taxonomy/term/12521,http://eurovoc.europa.eu/4479
/en/taxonomy/term/58653,http://eurovoc.europa.eu/438855
/en/taxonomy/term/11832,http://eurovoc.europa.eu/3935
/en/taxonomy/term/11833,http://eurovoc.europa.eu/527
/en/taxonomy/term/11703,http://eurovoc.europa.eu/6729
/en/taxonomy/term/11710,http://eurovoc.europa.eu/6731
/en/taxonomy/term/51519,http://eurovoc.europa.eu/4222
/en/taxonomy/term/11870,http://eurovoc.europa.eu/1550
/en/taxonomy/term/12483,http://eurovoc.europa.eu/884
/en/taxonomy/term/51439,http://eurovoc.europa.eu/3929
/en/taxonomy/term/12528,http://eurovoc.europa.eu/2813
/en/taxonomy/term/51169,http://eurovoc.europa.eu/2815
/en/taxonomy/term/51520,http://eurovoc.europa.eu/573
/en/taxonomy/term/11857,http://eurovoc.europa.eu/573
/en/taxonomy/term/11953,http://eurovoc.europa.eu/1432
/en/taxonomy/term/14130,http://eurovoc.europa.eu/4349
/en/taxonomy/term/51518,http://eurovoc.europa.eu/2701
/en/taxonomy/term/12520,http://eurovoc.europa.eu/5371
/en/taxonomy/term/51508,http://eurovoc.europa.eu/2351
/en/taxonomy/term/51509,http://eurovoc.europa.eu/2124
/en/taxonomy/term/12640,http://eurovoc.europa.eu/2085
/en/taxonomy/term/12612,http://eurovoc.europa.eu/1938
/en/taxonomy/term/51507,http://eurovoc.europa.eu/5923
/en/taxonomy/term/51500,http://eurovoc.europa.eu/566
/en/taxonomy/term/51572,http://eurovoc.europa.eu/567
/en/taxonomy/term/51573,http://eurovoc.europa.eu/542
/en/taxonomy/term/11644,http://eurovoc.europa.eu/3992
/en/taxonomy/term/12587,http://eurovoc.europa.eu/3908
/en/taxonomy/term/11749,http://eurovoc.europa.eu/3920
/en/taxonomy/term/51517,http://eurovoc.europa.eu/538
/en/taxonomy/term/11855,http://eurovoc.europa.eu/3916
/en/taxonomy/term/51505,http://eurovoc.europa.eu/3899
/en/taxonomy/term/12588,http://eurovoc.europa.eu/688
/en/taxonomy/term/51622,http://eurovoc.europa.eu/3913
/en/taxonomy/term/51478,http://eurovoc.europa.eu/3933
/en/taxonomy/term/51611,http://eurovoc.europa.eu/2497
/en/taxonomy/term/51612,http://eurovoc.europa.eu/2497
/en/taxonomy/term/51613,http://eurovoc.europa.eu/2465
/en/taxonomy/term/51614,http://eurovoc.europa.eu/5585
/en/taxonomy/term/51537,http://eurovoc.europa.eu/3058
/en/taxonomy/term/12498,http://eurovoc.europa.eu/3043
/en/taxonomy/term/11816,http://eurovoc.europa.eu/5433
/en/taxonomy/term/12472,http://eurovoc.europa.eu/3079
/en/taxonomy/term/51595,http://eurovoc.europa.eu/4302
/en/taxonomy/term/11950,http://eurovoc.europa.eu/4006
/en/taxonomy/term/11955,http://eurovoc.europa.eu/5886
/en/taxonomy/term/51479,http://eurovoc.europa.eu/56
/en/taxonomy/term/51596,http://eurovoc.europa.eu/1800
/en/taxonomy/term/51575,http://eurovoc.europa.eu/2449
/en/taxonomy/term/11845,http://eurovoc.europa.eu/1810
/en/taxonomy/term/11844,http://eurovoc.europa.eu/2218
/en/taxonomy/term/11765,http://eurovoc.europa.eu/2748
/en/taxonomy/term/11937,http://eurovoc.europa.eu/47
/en/taxonomy/term/12525,http://eurovoc.europa.eu/2836
/en/taxonomy/term/11725,http://eurovoc.europa.eu/3193
/en/taxonomy/term/12645,http://eurovoc.europa.eu/6089
/en/taxonomy/term/51240,http://eurovoc.europa.eu/6370
/en/taxonomy/term/51554,http://eurovoc.europa.eu/1809
/en/taxonomy/term/58666,http://eurovoc.europa.eu/1825
/en/taxonomy/term/51549,http://eurovoc.europa.eu/1630
/en/taxonomy/term/51551,http://eurovoc.europa.eu/2466
/en/taxonomy/term/12659,http://eurovoc.europa.eu/1952
/en/taxonomy/term/12590,http://eurovoc.europa.eu/1018
/en/taxonomy/term/12552,http://eurovoc.europa.eu/58
/en/taxonomy/term/14131,http://eurovoc.europa.eu/3307
/en/taxonomy/term/51390,http://eurovoc.europa.eu/2398
/en/taxonomy/term/11803,http://eurovoc.europa.eu/3168
/en/taxonomy/term/11756,http://eurovoc.europa.eu/1302
/en/taxonomy/term/51467,http://eurovoc.europa.eu/52
/en/taxonomy/term/51468,http://eurovoc.europa.eu/3327
/en/taxonomy/term/11761,http://eurovoc.europa.eu/2594
/en/taxonomy/term/11813,http://eurovoc.europa.eu/2333
/en/taxonomy/term/11692,http://eurovoc.europa.eu/1528
/en/taxonomy/term/51469,http://eurovoc.europa.eu/3337
/en/taxonomy/term/11696,http://eurovoc.europa.eu/5799
/en/taxonomy/term/11785,http://eurovoc.europa.eu/385
/en/taxonomy/term/51491,http://eurovoc.europa.eu/2029
/en/taxonomy/term/12478,http://eurovoc.europa.eu/974
/en/taxonomy/term/11802,http://eurovoc.europa.eu/3318
/en/taxonomy/term/11784,http://eurovoc.europa.eu/1820
/en/taxonomy/term/51430,http://eurovoc.europa.eu/3487
/en/taxonomy/term/11860,http://eurovoc.europa.eu/3486
/en/taxonomy/term/12649,http://eurovoc.europa.eu/3336
/en/taxonomy/term/51164,http://eurovoc.europa.eu/c_e2de1ffd
/en/taxonomy/term/12642,http://eurovoc.europa.eu/1530
/en/taxonomy/term/12631,http://eurovoc.europa.eu/1373
/en/taxonomy/term/11940,http://eurovoc.europa.eu/4706
/en/taxonomy/term/11716,http://eurovoc.europa.eu/5169
/en/taxonomy/term/58631,http://eurovoc.europa.eu/2174
/en/taxonomy/term/58654,http://eurovoc.europa.eu/3329
/en/taxonomy/term/12460,http://eurovoc.europa.eu/3250
/en/taxonomy/term/12619,http://eurovoc.europa.eu/5170
/en/taxonomy/term/11821,http://eurovoc.europa.eu/432
/en/taxonomy/term/12573,http://eurovoc.europa.eu/3919
/en/taxonomy/term/11907,http://eurovoc.europa.eu/1231
/en/taxonomy/term/11753,http://eurovoc.europa.eu/5636
/en/taxonomy/term/11793,http://eurovoc.europa.eu/3349
/en/taxonomy/term/11745,http://eurovoc.europa.eu/1469
/en/taxonomy/term/51481,http://eurovoc.europa.eu/2690
/en/taxonomy/term/12462,http://eurovoc.europa.eu/4475
/en/taxonomy/term/12474,http://eurovoc.europa.eu/4374
/en/taxonomy/term/11661,http://eurovoc.europa.eu/2688
/en/taxonomy/term/11687,http://eurovoc.europa.eu/3598
/en/taxonomy/term/11684,http://eurovoc.europa.eu/4837
/en/taxonomy/term/11662,http://eurovoc.europa.eu/2471
/en/taxonomy/term/12626,http://eurovoc.europa.eu/5882
/en/taxonomy/term/11685,http://eurovoc.europa.eu/1458
/en/taxonomy/term/11666,http://eurovoc.europa.eu/2810
/en/taxonomy/term/11676,http://eurovoc.europa.eu/4096
/en/taxonomy/term/51244,http://eurovoc.europa.eu/2459
/en/taxonomy/term/12538,http://eurovoc.europa.eu/283
/en/taxonomy/term/58632,http://eurovoc.europa.eu/1780
/en/taxonomy/term/11634,http://eurovoc.europa.eu/2278
/en/taxonomy/term/11639,http://eurovoc.europa.eu/4100
/en/taxonomy/term/11674,http://eurovoc.europa.eu/4877
/en/taxonomy/term/11640,http://eurovoc.europa.eu/5747
/en/taxonomy/term/11668,http://eurovoc.europa.eu/2022
/en/taxonomy/term/12601,http://eurovoc.europa.eu/5171
/en/taxonomy/term/12617,http://eurovoc.europa.eu/3257
/en/taxonomy/term/51203,http://eurovoc.europa.eu/5987
/en/taxonomy/term/11714,http://eurovoc.europa.eu/5163
/en/taxonomy/term/12603,http://eurovoc.europa.eu/5164
/en/taxonomy/term/12550,http://eurovoc.europa.eu/5165
/en/taxonomy/term/11701,http://eurovoc.europa.eu/1536
/en/taxonomy/term/11715,http://eurovoc.europa.eu/7397
/en/taxonomy/term/11708,http://eurovoc.europa.eu/3297
/en/taxonomy/term/51425,http://eurovoc.europa.eu/4050
/en/taxonomy/term/12484,http://eurovoc.europa.eu/4143
/en/taxonomy/term/11881,http://eurovoc.europa.eu/986
/en/taxonomy/term/51253,http://eurovoc.europa.eu/2479
/en/taxonomy/term/58642,http://eurovoc.europa.eu/5293
/en/taxonomy/term/51649,http://eurovoc.europa.eu/5921
/en/taxonomy/term/51256,http://eurovoc.europa.eu/4116
/en/taxonomy/term/11911,http://eurovoc.europa.eu/876
/en/taxonomy/term/12422,http://eurovoc.europa.eu/5878
/en/taxonomy/term/51254,http://eurovoc.europa.eu/5764
/en/taxonomy/term/11806,http://eurovoc.europa.eu/5810
/en/taxonomy/term/11759,http://eurovoc.europa.eu/1153
/en/taxonomy/term/11751,http://eurovoc.europa.eu/5900
/en/taxonomy/term/11901,http://eurovoc.europa.eu/6570
/en/taxonomy/term/11790,http://eurovoc.europa.eu/3844
/en/taxonomy/term/11805,http://eurovoc.europa.eu/1754
/en/taxonomy/term/12634,http://eurovoc.europa.eu/6567
/en/taxonomy/term/11884,http://eurovoc.europa.eu/5719
/en/taxonomy/term/11853,http://eurovoc.europa.eu/8447
/en/taxonomy/term/11910,http://eurovoc.europa.eu/1759
/en/taxonomy/term/11917,http://eurovoc.europa.eu/5172
/en/taxonomy/term/12430,http://eurovoc.europa.eu/5939
/en/taxonomy/term/12417,http://eurovoc.europa.eu/1762
/en/taxonomy/term/51255,http://eurovoc.europa.eu/5881
/en/taxonomy/term/11734,http://eurovoc.europa.eu/1859
/en/taxonomy/term/14047,http://eurovoc.europa.eu/838
/en/taxonomy/term/12635,http://eurovoc.europa.eu/1304
/en/taxonomy/term/14041,http://eurovoc.europa.eu/2923
/en/taxonomy/term/11713,http://eurovoc.europa.eu/1852
/en/taxonomy/term/11938,http://eurovoc.europa.eu/3289
/en/taxonomy/term/12456,http://eurovoc.europa.eu/5305
/en/taxonomy/term/14096,http://eurovoc.europa.eu/5307
/en/taxonomy/term/11762,http://eurovoc.europa.eu/3286
/en/taxonomy/term/12636,http://eurovoc.europa.eu/2855
/en/taxonomy/term/11930,http://eurovoc.europa.eu/5970
/en/taxonomy/term/11942,http://eurovoc.europa.eu/4455
/en/taxonomy/term/12461,http://eurovoc.europa.eu/4474
/en/taxonomy/term/12589,http://eurovoc.europa.eu/1415
/en/taxonomy/term/11939,http://eurovoc.europa.eu/3813
/en/taxonomy/term/11740,http://eurovoc.europa.eu/3885
/en/taxonomy/term/11657,http://eurovoc.europa.eu/490
/en/taxonomy/term/11779,http://eurovoc.europa.eu/4619
/en/taxonomy/term/11569,http://eurovoc.europa.eu/674
/en/taxonomy/term/11744,http://eurovoc.europa.eu/2467
/en/taxonomy/term/11724,http://eurovoc.europa.eu/1419
/en/taxonomy/term/11737,http://eurovoc.europa.eu/673
/en/taxonomy/term/51399,http://eurovoc.europa.eu/778
/en/taxonomy/term/11741,http://eurovoc.europa.eu/873
/en/taxonomy/term/51400,http://eurovoc.europa.eu/784
/en/taxonomy/term/12572,http://eurovoc.europa.eu/672
/en/taxonomy/term/11747,http://eurovoc.europa.eu/680
/en/taxonomy/term/12574,http://eurovoc.europa.eu/783
/en/taxonomy/term/12494,http://eurovoc.europa.eu/682
/en/taxonomy/term/51401,http://eurovoc.europa.eu/2059
/en/taxonomy/term/11625,http://eurovoc.europa.eu/800
/en/taxonomy/term/12571,http://eurovoc.europa.eu/799
/en/taxonomy/term/11840,http://eurovoc.europa.eu/778
/en/taxonomy/term/51434,http://eurovoc.europa.eu/795
/en/taxonomy/term/12489,http://eurovoc.europa.eu/1071
/en/taxonomy/term/51428,http://eurovoc.europa.eu/2175
/en/taxonomy/term/51437,http://eurovoc.europa.eu/2175
/en/taxonomy/term/11738,http://eurovoc.europa.eu/4357
/en/taxonomy/term/12487,http://eurovoc.europa.eu/2794
/en/taxonomy/term/51482,http://eurovoc.europa.eu/4705
/en/taxonomy/term/12549,http://eurovoc.europa.eu/48
/en/taxonomy/term/51557,http://eurovoc.europa.eu/4554
/en/taxonomy/term/14048,http://eurovoc.europa.eu/3278
/en/taxonomy/term/11681,http://eurovoc.europa.eu/487
/en/taxonomy/term/12414,http://eurovoc.europa.eu/4864
/en/taxonomy/term/12639,http://eurovoc.europa.eu/5277
/en/taxonomy/term/11663,http://eurovoc.europa.eu/7363
/en/taxonomy/term/12547,http://eurovoc.europa.eu/1681
/en/taxonomy/term/12658,http://eurovoc.europa.eu/7369
/en/taxonomy/term/12595,http://eurovoc.europa.eu/1902
/en/taxonomy/term/11689,http://eurovoc.europa.eu/4144
/en/taxonomy/term/12466,http://eurovoc.europa.eu/6765
/en/taxonomy/term/11760,http://eurovoc.europa.eu/1752
/en/taxonomy/term/12415,http://eurovoc.europa.eu/5272
/en/taxonomy/term/11606,http://eurovoc.europa.eu/1350
/en/taxonomy/term/51842,http://eurovoc.europa.eu/78
/en/taxonomy/term/51586,http://eurovoc.europa.eu/c_40f54e0c
/en/taxonomy/term/51411,http://eurovoc.europa.eu/4366
/en/taxonomy/term/12441,http://eurovoc.europa.eu/2492
/en/taxonomy/term/11742,http://eurovoc.europa.eu/4865
/en/taxonomy/term/11848,http://eurovoc.europa.eu/4868
/en/taxonomy/term/11977,http://eurovoc.europa.eu/4869
/en/taxonomy/term/12661,http://eurovoc.europa.eu/6067
/en/taxonomy/term/51264,http://eurovoc.europa.eu/3855
/en/taxonomy/term/51257,http://eurovoc.europa.eu/1370
/en/taxonomy/term/11686,http://eurovoc.europa.eu/1392
/en/taxonomy/term/51258,http://eurovoc.europa.eu/1363
/en/taxonomy/term/11671,http://eurovoc.europa.eu/5183
/en/taxonomy/term/12539,http://eurovoc.europa.eu/5184
/en/taxonomy/term/51260,http://eurovoc.europa.eu/6110
/en/taxonomy/term/12655,http://eurovoc.europa.eu/435228
/en/taxonomy/term/51261,http://eurovoc.europa.eu/2473
/en/taxonomy/term/11875,http://eurovoc.europa.eu/29
/en/taxonomy/term/51206,http://eurovoc.europa.eu/3255
/en/taxonomy/term/51262,http://eurovoc.europa.eu/4361
/en/taxonomy/term/51263,http://eurovoc.europa.eu/2566
/en/taxonomy/term/51176,http://eurovoc.europa.eu/4133
/en/taxonomy/term/12458,http://eurovoc.europa.eu/4502
/en/taxonomy/term/58651,http://eurovoc.europa.eu/6182
/en/taxonomy/term/58661,http://eurovoc.europa.eu/6775
/en/taxonomy/term/51583,http://eurovoc.europa.eu/c_a17a2156
/en/taxonomy/term/51607,http://eurovoc.europa.eu/c_324b44f1
/en/taxonomy/term/51843,http://eurovoc.europa.eu/8413
/en/taxonomy/term/11739,http://eurovoc.europa.eu/2012
/en/taxonomy/term/11672,http://eurovoc.europa.eu/2013
/en/taxonomy/term/12540,http://eurovoc.europa.eu/395
/en/taxonomy/term/11624,http://eurovoc.europa.eu/616
/en/taxonomy/term/12459,http://eurovoc.europa.eu/3422
/en/taxonomy/term/12648,http://eurovoc.europa.eu/6140
/en/taxonomy/term/51880,http://eurovoc.europa.eu/2472
/en/taxonomy/term/51881,http://eurovoc.europa.eu/453
/en/taxonomy/term/51882,http://eurovoc.europa.eu/437655
/en/taxonomy/term/51494,http://eurovoc.europa.eu/4486
/en/taxonomy/term/11723,http://eurovoc.europa.eu/5862
/en/taxonomy/term/51588,http://eurovoc.europa.eu/c_04ae3ba8
/en/taxonomy/term/11719,http://eurovoc.europa.eu/1426
/en/taxonomy/term/12537,http://eurovoc.europa.eu/3026
/en/taxonomy/term/51584,http://eurovoc.europa.eu/6275
/en/taxonomy/term/51585,http://eurovoc.europa.eu/6276
/en/taxonomy/term/11677,http://eurovoc.europa.eu/6261
/en/taxonomy/term/12431,http://eurovoc.europa.eu/4488
/en/taxonomy/term/12423,http://eurovoc.europa.eu/6030
/en/taxonomy/term/14053,http://eurovoc.europa.eu/5181
/en/taxonomy/term/12485,http://eurovoc.europa.eu/773
/en/taxonomy/term/11837,http://eurovoc.europa.eu/1405
/en/taxonomy/term/51249,http://eurovoc.europa.eu/3949
/en/taxonomy/term/12005,http://eurovoc.europa.eu/685
/en/taxonomy/term/11679,http://eurovoc.europa.eu/710
/en/taxonomy/term/12448,http://eurovoc.europa.eu/3925
/en/taxonomy/term/11839,http://eurovoc.europa.eu/1835
/en/taxonomy/term/12647,http://eurovoc.europa.eu/1896
/en/taxonomy/term/11880,http://eurovoc.europa.eu/3952
/en/taxonomy/term/11615,http://eurovoc.europa.eu/6715
/en/taxonomy/term/11645,http://eurovoc.europa.eu/1148
/en/taxonomy/term/11885,http://eurovoc.europa.eu/5269
/en/taxonomy/term/12452,http://eurovoc.europa.eu/6387
/en/taxonomy/term/12579,http://eurovoc.europa.eu/5437
/en/taxonomy/term/51615,http://eurovoc.europa.eu/7218
/en/taxonomy/term/11905,http://eurovoc.europa.eu/1151
/en/taxonomy/term/51605,http://eurovoc.europa.eu/1152
/en/taxonomy/term/51606,http://eurovoc.europa.eu/8438
/en/taxonomy/term/11818,http://eurovoc.europa.eu/1936
/en/taxonomy/term/11903,http://eurovoc.europa.eu/3294
/en/taxonomy/term/51824,http://eurovoc.europa.eu/6391
/en/taxonomy/term/51825,http://eurovoc.europa.eu/4770
/en/taxonomy/term/51609,http://eurovoc.europa.eu/6390
/en/taxonomy/term/12553,http://eurovoc.europa.eu/1278
/en/taxonomy/term/12554,http://eurovoc.europa.eu/1892
/en/taxonomy/term/11957,http://eurovoc.europa.eu/6385
/en/taxonomy/term/12561,http://eurovoc.europa.eu/2114
/en/taxonomy/term/11974,http://eurovoc.europa.eu/3931
/en/taxonomy/term/11698,http://eurovoc.europa.eu/3941
/en/taxonomy/term/11712,http://eurovoc.europa.eu/4921
/en/taxonomy/term/11948,http://eurovoc.europa.eu/5028
/en/taxonomy/term/12416,http://eurovoc.europa.eu/5303
/en/taxonomy/term/11895,http://eurovoc.europa.eu/5651
/en/taxonomy/term/11956,http://eurovoc.europa.eu/5740
/en/taxonomy/term/12421,http://eurovoc.europa.eu/3282
/en/taxonomy/term/12581,http://eurovoc.europa.eu/3282
/en/taxonomy/term/11850,http://eurovoc.europa.eu/4810
/en/taxonomy/term/11902,http://eurovoc.europa.eu/2232
/en/taxonomy/term/11908,http://eurovoc.europa.eu/2367
/en/taxonomy/term/11935,http://eurovoc.europa.eu/3946
/en/taxonomy/term/51178,http://eurovoc.europa.eu/3291
/en/taxonomy/term/12426,http://eurovoc.europa.eu/4889
/en/taxonomy/term/11949,http://eurovoc.europa.eu/6111
/en/taxonomy/term/12514,http://eurovoc.europa.eu/5966
/en/taxonomy/term/14092,http://eurovoc.europa.eu/5300
/en/taxonomy/term/12563,http://eurovoc.europa.eu/2545
/en/taxonomy/term/11728,http://eurovoc.europa.eu/3292
/en/taxonomy/term/58640,http://eurovoc.europa.eu/4108
/en/taxonomy/term/11878,http://eurovoc.europa.eu/6382
/en/taxonomy/term/11943,http://eurovoc.europa.eu/3790
/en/taxonomy/term/10757,http://eurovoc.europa.eu/3956
/en/taxonomy/term/11635,http://eurovoc.europa.eu/2453
/en/taxonomy/term/12420,http://eurovoc.europa.eu/3928
/en/taxonomy/term/12609,http://eurovoc.europa.eu/307
/en/taxonomy/term/11752,http://eurovoc.europa.eu/4094
/en/taxonomy/term/12605,http://eurovoc.europa.eu/7389
/en/taxonomy/term/11690,http://eurovoc.europa.eu/1670
/en/taxonomy/term/11704,http://eurovoc.europa.eu/5704
/en/taxonomy/term/10756,http://eurovoc.europa.eu/3956
/en/taxonomy/term/11829,http://eurovoc.europa.eu/3923
/en/taxonomy/term/11769,http://eurovoc.europa.eu/3933
/en/taxonomy/term/11820,http://eurovoc.europa.eu/427
/en/taxonomy/term/51174,http://eurovoc.europa.eu/6125
/en/taxonomy/term/11945,http://eurovoc.europa.eu/652
/en/taxonomy/term/11815,http://eurovoc.europa.eu/5585
/en/taxonomy/term/11633,http://eurovoc.europa.eu/5661
/en/taxonomy/term/11653,http://eurovoc.europa.eu/5662
/en/taxonomy/term/11693,http://eurovoc.europa.eu/5663
/en/taxonomy/term/11652,http://eurovoc.europa.eu/5664
/en/taxonomy/term/11931,http://eurovoc.europa.eu/5803
/en/taxonomy/term/12582,http://eurovoc.europa.eu/1989
/en/taxonomy/term/11783,http://eurovoc.europa.eu/3947
/en/taxonomy/term/11697,http://eurovoc.europa.eu/892
/en/taxonomy/term/11695,http://eurovoc.europa.eu/6394
/en/taxonomy/term/11899,http://eurovoc.europa.eu/6395
/en/taxonomy/term/51433,http://eurovoc.europa.eu/5985
/en/taxonomy/term/12493,http://eurovoc.europa.eu/823
/en/taxonomy/term/51432,http://eurovoc.europa.eu/813
/en/taxonomy/term/12555,http://eurovoc.europa.eu/830
/en/taxonomy/term/51559,http://eurovoc.europa.eu/4189
/en/taxonomy/term/11768,http://eurovoc.europa.eu/4204
/en/taxonomy/term/51538,http://eurovoc.europa.eu/1155
/en/taxonomy/term/51539,http://eurovoc.europa.eu/5092
/en/taxonomy/term/11841,http://eurovoc.europa.eu/275
/en/taxonomy/term/58657,http://eurovoc.europa.eu/4299
/en/taxonomy/term/12568,http://eurovoc.europa.eu/3516
/en/taxonomy/term/11735,http://eurovoc.europa.eu/1074
/en/taxonomy/term/51396,http://eurovoc.europa.eu/1802
/en/taxonomy/term/11764,http://eurovoc.europa.eu/1802
/en/taxonomy/term/11729,http://eurovoc.europa.eu/2868
/en/taxonomy/term/11804,http://eurovoc.europa.eu/732
/en/taxonomy/term/51458,http://eurovoc.europa.eu/82
/en/taxonomy/term/11758,http://eurovoc.europa.eu/4039
/en/taxonomy/term/51579,http://eurovoc.europa.eu/1163
/en/taxonomy/term/11869,http://eurovoc.europa.eu/557
/en/taxonomy/term/51513,http://eurovoc.europa.eu/4033
/en/taxonomy/term/12633,http://eurovoc.europa.eu/4047
/en/taxonomy/term/51443,http://eurovoc.europa.eu/2181
/en/taxonomy/term/11819,http://eurovoc.europa.eu/2181
/en/taxonomy/term/11637,http://eurovoc.europa.eu/5392
/en/taxonomy/term/11896,http://eurovoc.europa.eu/3681
/en/taxonomy/term/51462,http://eurovoc.europa.eu/4539
/en/taxonomy/term/12499,http://eurovoc.europa.eu/3438
/en/taxonomy/term/51464,http://eurovoc.europa.eu/2233
/en/taxonomy/term/12443,http://eurovoc.europa.eu/4522
/en/taxonomy/term/11919,http://eurovoc.europa.eu/2041
/en/taxonomy/term/12442,http://eurovoc.europa.eu/2282
/en/taxonomy/term/11643,http://eurovoc.europa.eu/4827
/en/taxonomy/term/11638,http://eurovoc.europa.eu/2043
/en/taxonomy/term/51418,http://eurovoc.europa.eu/1033
/en/taxonomy/term/58619,http://eurovoc.europa.eu/3092
/en/taxonomy/term/51413,http://eurovoc.europa.eu/2470
/en/taxonomy/term/11748,http://eurovoc.europa.eu/6397
/en/taxonomy/term/51414,http://eurovoc.europa.eu/2470
/en/taxonomy/term/14058,http://eurovoc.europa.eu/535
/en/taxonomy/term/51447,http://eurovoc.europa.eu/4074
/en/taxonomy/term/11614,http://eurovoc.europa.eu/4076
/en/taxonomy/term/11613,http://eurovoc.europa.eu/4075
/en/taxonomy/term/51804,http://eurovoc.europa.eu/1158
/en/taxonomy/term/51805,http://eurovoc.europa.eu/3133
/en/taxonomy/term/51495,http://eurovoc.europa.eu/c_98d1408a
/en/taxonomy/term/11717,http://eurovoc.europa.eu/1741
/en/taxonomy/term/14145,http://eurovoc.europa.eu/3549
/en/taxonomy/term/51812,http://eurovoc.europa.eu/3546
/en/taxonomy/term/11962,http://eurovoc.europa.eu/833
/en/taxonomy/term/11882,http://eurovoc.europa.eu/5741
/en/taxonomy/term/11727,http://eurovoc.europa.eu/610
/en/taxonomy/term/11894,http://eurovoc.europa.eu/5463
/en/taxonomy/term/11877,http://eurovoc.europa.eu/972
/en/taxonomy/term/12465,http://eurovoc.europa.eu/3149
/en/taxonomy/term/51407,http://eurovoc.europa.eu/371
/en/taxonomy/term/11914,http://eurovoc.europa.eu/371
/en/taxonomy/term/51408,http://eurovoc.europa.eu/413
/en/taxonomy/term/11733,http://eurovoc.europa.eu/5565
/en/taxonomy/term/51653,http://eurovoc.europa.eu/5890
/en/taxonomy/term/11915,http://eurovoc.europa.eu/1440
/en/taxonomy/term/12560,http://eurovoc.europa.eu/2527
/en/taxonomy/term/51209,http://eurovoc.europa.eu/612
/en/taxonomy/term/51526,http://eurovoc.europa.eu/2442
/en/taxonomy/term/51527,http://eurovoc.europa.eu/2442
/en/taxonomy/term/51528,http://eurovoc.europa.eu/2445
/en/taxonomy/term/12532,http://eurovoc.europa.eu/645
/en/taxonomy/term/51543,http://eurovoc.europa.eu/4358
/en/taxonomy/term/51200,http://eurovoc.europa.eu/6314
/en/taxonomy/term/51552,http://eurovoc.europa.eu/4363
/en/taxonomy/term/12490,http://eurovoc.europa.eu/568
/en/taxonomy/term/12437,http://eurovoc.europa.eu/4630
/en/taxonomy/term/51533,http://eurovoc.europa.eu/2014
/en/taxonomy/term/51534,http://eurovoc.europa.eu/2014
/en/taxonomy/term/12438,http://eurovoc.europa.eu/152
/en/taxonomy/term/12531,http://eurovoc.europa.eu/767
/en/taxonomy/term/51574,http://eurovoc.europa.eu/2985
/en/taxonomy/term/51569,http://eurovoc.europa.eu/5877
/en/taxonomy/term/11711,http://eurovoc.europa.eu/5047
/en/taxonomy/term/12536,http://eurovoc.europa.eu/2723
/en/taxonomy/term/12527,http://eurovoc.europa.eu/1763
/en/taxonomy/term/51493,http://eurovoc.europa.eu/2505
/en/taxonomy/term/12515,http://eurovoc.europa.eu/4336
/en/taxonomy/term/51541,http://eurovoc.europa.eu/3544
/en/taxonomy/term/51562,http://eurovoc.europa.eu/2411
/en/taxonomy/term/12526,http://eurovoc.europa.eu/1204
/en/taxonomy/term/11883,http://eurovoc.europa.eu/1372
/en/taxonomy/term/51567,http://eurovoc.europa.eu/2723
/en/taxonomy/term/51568,http://eurovoc.europa.eu/2413
/en/taxonomy/term/11888,http://eurovoc.europa.eu/2948
/en/taxonomy/term/11909,http://eurovoc.europa.eu/2950
/en/taxonomy/term/51577,http://eurovoc.europa.eu/2414
/en/taxonomy/term/51602,http://eurovoc.europa.eu/2416
/en/taxonomy/term/51603,http://eurovoc.europa.eu/2548
/en/taxonomy/term/51545,http://eurovoc.europa.eu/5018
/en/taxonomy/term/51580,http://eurovoc.europa.eu/4713
/en/taxonomy/term/11976,http://eurovoc.europa.eu/4717
/en/taxonomy/term/51524,http://eurovoc.europa.eu/4416
/en/taxonomy/term/12643,http://eurovoc.europa.eu/6052
/en/taxonomy/term/51477,http://eurovoc.europa.eu/3632
/en/taxonomy/term/11934,http://eurovoc.europa.eu/4418
/en/taxonomy/term/51810,http://eurovoc.europa.eu/3641
/en/taxonomy/term/51811,http://eurovoc.europa.eu/4082
/en/taxonomy/term/12565,http://eurovoc.europa.eu/3638
/en/taxonomy/term/12455,http://eurovoc.europa.eu/7219
/en/taxonomy/term/12419,http://eurovoc.europa.eu/7931
/en/taxonomy/term/11854,http://eurovoc.europa.eu/2817
/en/taxonomy/term/11858,http://eurovoc.europa.eu/2816
/en/taxonomy/term/11842,http://eurovoc.europa.eu/3663
/en/taxonomy/term/12413,http://eurovoc.europa.eu/3667
/en/taxonomy/term/11641,http://eurovoc.europa.eu/1894
/en/taxonomy/term/12575,http://eurovoc.europa.eu/6263
/en/taxonomy/term/51227,http://eurovoc.europa.eu/6264
/en/taxonomy/term/12432,http://eurovoc.europa.eu/6267
/en/taxonomy/term/11862,http://eurovoc.europa.eu/2924
/en/taxonomy/term/51436,http://eurovoc.europa.eu/2478
/en/taxonomy/term/51503,http://eurovoc.europa.eu/2498
/en/taxonomy/term/51504,http://eurovoc.europa.eu/3737
/en/taxonomy/term/12613,http://eurovoc.europa.eu/4420
/en/taxonomy/term/51522,http://eurovoc.europa.eu/2498
/en/taxonomy/term/51523,http://eurovoc.europa.eu/4886
/en/taxonomy/term/12476,http://eurovoc.europa.eu/4629
/en/taxonomy/term/14075,http://eurovoc.europa.eu/1411
/en/taxonomy/term/12454,http://eurovoc.europa.eu/3750
/en/taxonomy/term/51473,http://eurovoc.europa.eu/1414
/en/taxonomy/term/11801,http://eurovoc.europa.eu/1274
/en/taxonomy/term/12562,http://eurovoc.europa.eu/1414
/en/taxonomy/term/12597,http://eurovoc.europa.eu/3766
/en/taxonomy/term/51510,http://eurovoc.europa.eu/3783
/en/taxonomy/term/12548,http://eurovoc.europa.eu/751
/en/taxonomy/term/51454,http://eurovoc.europa.eu/1412
/en/taxonomy/term/12584,http://eurovoc.europa.eu/4042
/en/taxonomy/term/11961,http://eurovoc.europa.eu/921
/en/taxonomy/term/51455,http://eurovoc.europa.eu/4422
/en/taxonomy/term/11904,http://eurovoc.europa.eu/3789
/en/taxonomy/term/51472,http://eurovoc.europa.eu/744
/en/taxonomy/term/12660,http://eurovoc.europa.eu/744
/en/taxonomy/term/12449,http://eurovoc.europa.eu/749
/en/taxonomy/term/51173,http://eurovoc.europa.eu/754
/en/taxonomy/term/58681,http://eurovoc.europa.eu/1434
/en/taxonomy/term/12522,http://eurovoc.europa.eu/2720
/en/taxonomy/term/11866,http://eurovoc.europa.eu/4303
/en/taxonomy/term/11874,http://eurovoc.europa.eu/3619
/en/taxonomy/term/12453,http://eurovoc.europa.eu/1377
/en/taxonomy/term/51445,http://eurovoc.europa.eu/5966
/en/taxonomy/term/51446,http://eurovoc.europa.eu/1362
/en/taxonomy/term/51530,http://eurovoc.europa.eu/3820
/en/taxonomy/term/12593,http://eurovoc.europa.eu/3828
/en/taxonomy/term/11921,http://eurovoc.europa.eu/5289
/en/taxonomy/term/51459,http://eurovoc.europa.eu/1410
/en/taxonomy/term/12463,http://eurovoc.europa.eu/1410
/en/taxonomy/term/12444,http://eurovoc.europa.eu/155
/en/taxonomy/term/51576,http://eurovoc.europa.eu/1845
/en/taxonomy/term/51651,http://eurovoc.europa.eu/2159
/en/taxonomy/term/12592,http://eurovoc.europa.eu/3842
/en/taxonomy/term/51564,http://eurovoc.europa.eu/1400
/en/taxonomy/term/12594,http://eurovoc.europa.eu/1720
/en/taxonomy/term/11669,http://eurovoc.europa.eu/3879
/en/taxonomy/term/11642,http://eurovoc.europa.eu/1826
/en/taxonomy/term/12620,http://eurovoc.europa.eu/4414
/en/taxonomy/term/12473,http://eurovoc.europa.eu/1523
/en/taxonomy/term/51450,http://eurovoc.europa.eu/1386
/en/taxonomy/term/51451,http://eurovoc.europa.eu/1386
/en/taxonomy/term/11683,http://eurovoc.europa.eu/1393
/en/taxonomy/term/51487,http://eurovoc.europa.eu/1418
/en/taxonomy/term/58647,http://eurovoc.europa.eu/4377
/en/taxonomy/term/51488,http://eurovoc.europa.eu/1397
/en/taxonomy/term/51485,http://eurovoc.europa.eu/3895
/en/taxonomy/term/12504,http://eurovoc.europa.eu/5359
/en/taxonomy/term/51516,http://eurovoc.europa.eu/3895
/en/taxonomy/term/12632,http://eurovoc.europa.eu/1391
/en/taxonomy/term/51570,http://eurovoc.europa.eu/1384
/en/taxonomy/term/12641,http://eurovoc.europa.eu/5532
/en/taxonomy/term/51623,http://eurovoc.europa.eu/1148
/en/taxonomy/term/11916,http://eurovoc.europa.eu/914
/en/taxonomy/term/14162,http://eurovoc.europa.eu/5860
/en/taxonomy/term/12517,http://eurovoc.europa.eu/1255
/en/taxonomy/term/12604,http://eurovoc.europa.eu/2543
/en/taxonomy/term/12602,http://eurovoc.europa.eu/5876
/en/taxonomy/term/11795,http://eurovoc.europa.eu/911
/en/taxonomy/term/12600,http://eurovoc.europa.eu/5774
/en/taxonomy/term/14168,http://eurovoc.europa.eu/5619
/en/taxonomy/term/11872,http://eurovoc.europa.eu/1019
/en/taxonomy/term/12516,http://eurovoc.europa.eu/6249
/en/taxonomy/term/51152,http://eurovoc.europa.eu/4320
/en/taxonomy/term/51637,http://eurovoc.europa.eu/912
/en/taxonomy/term/58662,http://eurovoc.europa.eu/1182
/en/taxonomy/term/11618,http://eurovoc.europa.eu/1519
/en/taxonomy/term/12486,http://eurovoc.europa.eu/2563
/en/taxonomy/term/11654,http://eurovoc.europa.eu/863
/en/taxonomy/term/12469,http://eurovoc.europa.eu/4353
/en/taxonomy/term/11871,http://eurovoc.europa.eu/4839
/en/taxonomy/term/12556,http://eurovoc.europa.eu/1085
/en/taxonomy/term/12495,http://eurovoc.europa.eu/1318
/en/taxonomy/term/51150,http://eurovoc.europa.eu/1504
/en/taxonomy/term/11856,http://eurovoc.europa.eu/4324
/en/taxonomy/term/51631,http://eurovoc.europa.eu/337
/en/taxonomy/term/12606,http://eurovoc.europa.eu/8283
/en/taxonomy/term/51634,http://eurovoc.europa.eu/1088
/en/taxonomy/term/12557,http://eurovoc.europa.eu/5041
/en/taxonomy/term/58665,http://eurovoc.europa.eu/1288
/en/taxonomy/term/51636,http://eurovoc.europa.eu/1329
/en/taxonomy/term/14150,http://eurovoc.europa.eu/4560
/en/taxonomy/term/14149,http://eurovoc.europa.eu/4835
/en/taxonomy/term/14102,http://eurovoc.europa.eu/4847
/en/taxonomy/term/14156,http://eurovoc.europa.eu/5039
/en/taxonomy/term/14151,http://eurovoc.europa.eu/1230
/en/taxonomy/term/12523,http://eurovoc.europa.eu/1239
/en/taxonomy/term/14155,http://eurovoc.europa.eu/4825
/en/taxonomy/term/14153,http://eurovoc.europa.eu/5730
/en/taxonomy/term/12608,http://eurovoc.europa.eu/3711
/en/taxonomy/term/14158,http://eurovoc.europa.eu/3713
/en/taxonomy/term/14147,http://eurovoc.europa.eu/3903
/en/taxonomy/term/12607,http://eurovoc.europa.eu/3918
/en/taxonomy/term/51638,http://eurovoc.europa.eu/1520
/en/taxonomy/term/12470,http://eurovoc.europa.eu/5246
/en/taxonomy/term/51632,http://eurovoc.europa.eu/864
/en/taxonomy/term/11622,http://eurovoc.europa.eu/1873
/en/taxonomy/term/12535,http://eurovoc.europa.eu/2289
/en/taxonomy/term/14064,http://eurovoc.europa.eu/3384
/en/taxonomy/term/14065,http://eurovoc.europa.eu/3382
/en/taxonomy/term/11656,http://eurovoc.europa.eu/5273
/en/taxonomy/term/12467,http://eurovoc.europa.eu/3391
/en/taxonomy/term/12621,http://eurovoc.europa.eu/2038
/en/taxonomy/term/51639,http://eurovoc.europa.eu/3780
/en/taxonomy/term/39559,http://eurovoc.europa.eu/8498
/en/taxonomy/term/12434,http://eurovoc.europa.eu/663
/en/taxonomy/term/12435,http://eurovoc.europa.eu/2290
/en/taxonomy/term/11630,http://eurovoc.europa.eu/2525
/en/taxonomy/term/14146,http://eurovoc.europa.eu/5965
/en/taxonomy/term/11682,http://eurovoc.europa.eu/6036
/en/taxonomy/term/58664,http://eurovoc.europa.eu/1899
/en/taxonomy/term/11616,http://eurovoc.europa.eu/888
/en/taxonomy/term/51626,http://eurovoc.europa.eu/311
/en/taxonomy/term/12529,http://eurovoc.europa.eu/690
/en/taxonomy/term/51627,http://eurovoc.europa.eu/5424
/en/taxonomy/term/12500,http://eurovoc.europa.eu/1557
/en/taxonomy/term/12497,http://eurovoc.europa.eu/2058
/en/taxonomy/term/58671,http://eurovoc.europa.eu/2368
/en/taxonomy/term/51635,http://eurovoc.europa.eu/2296
/en/taxonomy/term/12570,http://eurovoc.europa.eu/1086
/en/taxonomy/term/12496,http://eurovoc.europa.eu/956
/en/taxonomy/term/11650,http://eurovoc.europa.eu/1524
/en/taxonomy/term/11794,http://eurovoc.europa.eu/235
/en/taxonomy/term/11743,http://eurovoc.europa.eu/2113
/en/taxonomy/term/10751,http://eurovoc.europa.eu/4160
/en/taxonomy/term/11608,http://eurovoc.europa.eu/2089
/en/taxonomy/term/51548,http://eurovoc.europa.eu/4365
/en/taxonomy/term/11627,http://eurovoc.europa.eu/4595
/en/taxonomy/term/11788,http://eurovoc.europa.eu/3710
/en/taxonomy/term/12480,http://eurovoc.europa.eu/695
/en/taxonomy/term/12503,http://eurovoc.europa.eu/4210
/en/taxonomy/term/12505,http://eurovoc.europa.eu/1154
/en/taxonomy/term/12530,http://eurovoc.europa.eu/5962
/en/taxonomy/term/11572,http://eurovoc.europa.eu/77
/en/taxonomy/term/11609,http://eurovoc.europa.eu/3774
/en/taxonomy/term/11612,http://eurovoc.europa.eu/2914
/en/taxonomy/term/11621,http://eurovoc.europa.eu/4272
/en/taxonomy/term/11626,http://eurovoc.europa.eu/2179
/en/taxonomy/term/11632,http://eurovoc.europa.eu/68
/en/taxonomy/term/11659,http://eurovoc.europa.eu/1587
/en/taxonomy/term/11699,http://eurovoc.europa.eu/909
/en/taxonomy/term/11718,http://eurovoc.europa.eu/2369
/en/taxonomy/term/11800,http://eurovoc.europa.eu/6722
/en/taxonomy/term/11812,http://eurovoc.europa.eu/2152
/en/taxonomy/term/11831,http://eurovoc.europa.eu/5042
/en/taxonomy/term/11843,http://eurovoc.europa.eu/1821
/en/taxonomy/term/11849,http://eurovoc.europa.eu/2435
/en/taxonomy/term/11852,http://eurovoc.europa.eu/2357
/en/taxonomy/term/11906,http://eurovoc.europa.eu/1335
/en/taxonomy/term/11975,http://eurovoc.europa.eu/2342
/en/taxonomy/term/12030,http://eurovoc.europa.eu/281
/en/taxonomy/term/12052,http://eurovoc.europa.eu/1134
/en/taxonomy/term/12425,http://eurovoc.europa.eu/5899
/en/taxonomy/term/12464,http://eurovoc.europa.eu/4505
/en/taxonomy/term/12569,http://eurovoc.europa.eu/1856
/en/taxonomy/term/12586,http://eurovoc.europa.eu/4408
/en/taxonomy/term/12596,http://eurovoc.europa.eu/6043
/en/taxonomy/term/12599,http://eurovoc.europa.eu/2838
/en/taxonomy/term/14164,http://eurovoc.europa.eu/342
/en/taxonomy/term/51532,http://eurovoc.europa.eu/54
/en/taxonomy/term/51610,http://eurovoc.europa.eu/4136
/en/taxonomy/term/51640,http://eurovoc.europa.eu/3334
/en/taxonomy/term/51641,http://eurovoc.europa.eu/3127
/en/taxonomy/term/51645,http://eurovoc.europa.eu/5482
/en/taxonomy/term/51647,http://eurovoc.europa.eu/2098
/en/taxonomy/term/51707,http://eurovoc.europa.eu/571
/en/taxonomy/term/58648,http://eurovoc.europa.eu/1016
/en/taxonomy/term/58656,http://eurovoc.europa.eu/2187
/en/taxonomy/term/58658,http://eurovoc.europa.eu/2163
/en/taxonomy/term/58659,http://eurovoc.europa.eu/5258
/en/taxonomy/term/58660,http://eurovoc.europa.eu/2859
/en/taxonomy/term/58680,http://eurovoc.europa.eu/1488
/en/taxonomy/term/58682,http://eurovoc.europa.eu/4654
/en/taxonomy/term/58683,http://eurovoc.europa.eu/2862
/en/taxonomy/term/51386,http://eurovoc.europa.eu/100145
/en/taxonomy/term/51402,http://eurovoc.europa.eu/100151
/en/taxonomy/term/51403,http://eurovoc.europa.eu/100154
/en/taxonomy/term/51435,http://eurovoc.europa.eu/100152
/en/taxonomy/term/51442,http://eurovoc.europa.eu/100160
/en/taxonomy/term/51452,http://eurovoc.europa.eu/100159
/en/taxonomy/term/51245,http://eurovoc.europa.eu/4826
/en/taxonomy/term/51448,http://eurovoc.europa.eu/6831
/en/taxonomy/term/51440,http://eurovoc.europa.eu/100156
