/ILC/1/c9h-thermal-energy,http://www.iskoi.org/ilc/2/class/damt
/ILC/1/c-energy,http://www.iskoi.org/ilc/2/class/d
/ILC/1/cl-electromagnetic-radiation,http://www.iskoi.org/ilc/2/class/darl
/ILC/1/faWc-inorganic-compounds,http://www.iskoi.org/ilc/2/class/fcWe
/ILC/1/fdWu-organic-compounds,http://www.iskoi.org/ilc/2/class/fhWu
/ILC/1/f-molecules,http://www.iskoi.org/ilc/2/class/f
/ILC/1/ij-snow,http://www.iskoi.org/ilc/2/class/jakin
/ILC/1/ita-climate-of-ice-caps,http://www.iskoi.org/ilc/2/class/jalb
/ILC/1/j6c-volcanic-activity,http://www.iskoi.org/ilc/2/class/iac
/ILC/1/ja-minerals,http://www.iskoi.org/ilc/2/class/ib
/ILC/1/j-land,http://www.iskoi.org/ilc/2/class/j
/ILC/1/js-landforms,http://www.iskoi.org/ilc/2/class/j
/ILC/1/jsq-glaciers,http://www.iskoi.org/ilc/2/class/jr
/ILC/1/jsw-fresh-water-systems,http://www.iskoi.org/ilc/2/class/js
/ILC/1/jswr3f-flooding,http://www.iskoi.org/ilc/2/class/jsraf
/ILC/1/jUeb-Ireland,http://www.iskoi.org/ilc/2/class/jUeym
/ILC/1/jUedzk-Kemijoki-basin,http://www.iskoi.org/ilc/2/class/jUexzi
/ILC/1/jUe-Europe,http://www.iskoi.org/ilc/2/class/jUe
/ILC/1/jUh-Africa,http://www.iskoi.org/ilc/2/class/jUi
/ILC/1/jUou-Australia,http://www.iskoi.org/ilc/2/class/jUkb
/ILC/1/jUow-New-Zealand,http://www.iskoi.org/ilc/2/class/jUksWu
/ILC/1/jUt-North-America,http://www.iskoi.org/ilc/2/class/jUn
/ILC/1/jUv-South-America,http://www.iskoi.org/ilc/2/class/jUq
/ILC/1/jy-soils,http://www.iskoi.org/ilc/2/class/jo
/ILC/1/k-genes,http://www.iskoi.org/ilc/2/class/k
/ILC/1/km-genomes,http://www.iskoi.org/ilc/2/class/km
/ILC/1/kWn-life,http://www.iskoi.org/ilc/2/class/kWn
/ILC/1/l-bacteria,http://www.iskoi.org/ilc/2/class/l
/ILC/1/m-organisms,http://www.iskoi.org/ilc/2/class/m
/ILC/1/mq306j-poisoning,http://www.iskoi.org/ilc/2/class/mabj
/ILC/1/mq30-diseases,http://www.iskoi.org/ilc/2/class/mad
/ILC/1/mq30id306n-AIDS,http://www.iskoi.org/ilc/2/class/mqadidn
/ILC/1/mq30nr-cancer,http://www.iskoi.org/ilc/2/class/mqadnr
/ILC/1/mq5n-nervous-system,http://www.iskoi.org/ilc/2/class/mqaon
/ILC/1/mq-animals,http://www.iskoi.org/ilc/2/class/mq
/ILC/1/mqU-animals-of-special-interest-for-man,http://www.iskoi.org/ilc/2/class/mqU
/ILC/1/n31y-extinction,http://www.iskoi.org/ilc/2/class/nat
/ILC/1/n3m-migration,http://www.iskoi.org/ilc/2/class/nam
/ILC/1/n-populations,http://www.iskoi.org/ilc/2/class/n
/ILC/1/ny-ecosystems,http://www.iskoi.org/ilc/2/class/ny
/ILC/1/nyr-forests,http://www.iskoi.org/ilc/2/class/nyr
/ILC/1/nyw-agricultural-environment,http://www.iskoi.org/ilc/2/class/nyw
/ILC/1/nyx-urban-environment,http://www.iskoi.org/ilc/2/class/nyx
/ILC/1/osg-aggressivity,http://www.iskoi.org/ilc/2/class/osg
/ILC/1/p6m-morals,http://www.iskoi.org/ilc/2/class/pou
/ILC/1/r55n-noun,http://www.iskoi.org/ilc/2/class/qon
/ILC/1/rae-Egyptian-languages,http://www.iskoi.org/ilc/2/class/qvbe
/ILC/1/r-languages,http://www.iskoi.org/ilc/2/class/qv
/ILC/1/rUE-English,http://www.iskoi.org/ilc/2/class/qvUE
/ILC/1/s3w-tourism,http://www.iskoi.org/ilc/2/class/sasct
/ILC/1/s51i-children,http://www.iskoi.org/ilc/2/class/sapi
/ILC/1/s51l-adolescents,http://www.iskoi.org/ilc/2/class/sapl
/ILC/1/s51n-youth,http://www.iskoi.org/ilc/2/class/sapn
/ILC/1/s51p-adults,http://www.iskoi.org/ilc/2/class/sapp
/ILC/1/s53-occupied-as-job,http://www.iskoi.org/ilc/2/class/uatbp
/ILC/1/s56ei-Latin,http://www.iskoi.org/ilc/2/class/st96US
/ILC/1/s56-ethnicity,http://www.iskoi.org/ilc/2/class/st
/ILC/1/s-civil-society,http://www.iskoi.org/ilc/2/class/s
/ILC/1/se-schools,http://www.iskoi.org/ilc/2/class/yl
/ILC/1/seu-university,http://www.iskoi.org/ilc/2/class/ylu
/ILC/1/sg-cultural-services,http://www.iskoi.org/ilc/2/class/spf
/ILC/1/sgh-archives,http://www.iskoi.org/ilc/2/class/yvh
/ILC/1/sgi-information-services,http://www.iskoi.org/ilc/2/class/yvi
/ILC/1/sgl-libraries,http://www.iskoi.org/ilc/2/class/yvl
/ILC/1/sgmu-museums,http://www.iskoi.org/ilc/2/class/yvmu
/ILC/1/sh31a-prevention,http://www.iskoi.org/ilc/2/class/vmanb
/ILC/1/sh31c-check-up,http://www.iskoi.org/ilc/2/class/vmanc
/ILC/1/sh36n-nurse,http://www.iskoi.org/ilc/2/class/vmain
/ILC/1/sh3p-drug-administering,http://www.iskoi.org/ilc/2/class/vmarp
/ILC/1/sh3-treatment,http://www.iskoi.org/ilc/2/class/vmant
/ILC/1/sh51v-old-people,http://www.iskoi.org/ilc/2/class/sapv
/ILC/1/sh70nr-cancer,http://www.iskoi.org/ilc/2/class/mqadnr
/ILC/1/sh9j-traditional-Chinese-medicine,http://www.iskoi.org/ilc/2/class/vmj
/ILC/1/sh9-traditional-medicine,http://www.iskoi.org/ilc/2/class/vmbWy
/ILC/1/sh9u-herbalism,http://www.iskoi.org/ilc/2/class/vmu
/ILC/1/shb-childbirth-assistance,http://www.iskoi.org/ilc/2/class/sapd
/ILC/1/sh-health-care,http://www.iskoi.org/ilc/2/class/vm
/ILC/1/si-mental-health-care,http://www.iskoi.org/ilc/2/class/vn
/ILC/1/sl51v-old-people,http://www.iskoi.org/ilc/2/class/sapv
/ILC/1/sl-welfare,http://www.iskoi.org/ilc/2/class/spl
/ILC/1/ss-emergency-services,http://www.iskoi.org/ilc/2/class/spr
/ILC/1/st-transport-services,http://www.iskoi.org/ilc/2/class/spt
/ILC/1/sx-organized-civil-society,http://www.iskoi.org/ilc/2/class/so
/ILC/1/t1-historical-periods,http://www.iskoi.org/ilc/2/class/rab
/ILC/1/t2-territories,http://www.iskoi.org/ilc/2/class/jU
/ILC/1/t363a-war,http://www.iskoi.org/ilc/2/class/tavaw
/ILC/1/t363t-cooperation,http://www.iskoi.org/ilc/2/class/tav
/ILC/1/t3-administration,http://www.iskoi.org/ilc/2/class/tae
/ILC/1/t3o-voting,http://www.iskoi.org/ilc/2/class/taet
/ILC/1/t5-department,http://www.iskoi.org/ilc/2/class/tahWw
/ILC/1/t5i-civil-service,http://www.iskoi.org/ilc/2/class/tal
/ILC/1/t5o-court,http://www.iskoi.org/ilc/2/class/tao
/ILC/1/t5t-military,http://www.iskoi.org/ilc/2/class/tat
/ILC/1/t6c-contracts,http://www.iskoi.org/ilc/2/class/tayc
/ILC/1/t6-law,http://www.iskoi.org/ilc/2/class/tay
/ILC/1/t6l-labour-law,http://www.iskoi.org/ilc/2/class/tayl
/ILC/1/t6s-constitutional-law,http://www.iskoi.org/ilc/2/class/tays
/ILC/1/t70-offence,http://www.iskoi.org/ilc/2/class/tad
/ILC/1/tc-ancient-Egypt,http://www.iskoi.org/ilc/2/class/syc
/ILC/1/t-governments,http://www.iskoi.org/ilc/2/class/t
/ILC/1/tUa-Britain,http://www.iskoi.org/ilc/2/class/ttb
/ILC/1/tUae-England,http://www.iskoi.org/ilc/2/class/ttbae
/ILC/1/tUal-Wales,http://www.iskoi.org/ilc/2/class/ttbal
/ILC/1/tUas-Scotland,http://www.iskoi.org/ilc/2/class/ttbas
/ILC/1/tUazn-Norway,http://www.iskoi.org/ilc/2/class/ttbzn
/ILC/1/tUazo-Sweden,http://www.iskoi.org/ilc/2/class/ttbzo
/ILC/1/tUazr-Finland,http://www.iskoi.org/ilc/2/class/ttbzr
/ILC/1/tUb-Germany,http://www.iskoi.org/ilc/2/class/ttc
/ILC/1/tU-contemporary-governments,http://www.iskoi.org/ilc/2/class/tt
/ILC/1/tUdc-Catalonia,http://www.iskoi.org/ilc/2/class/tteac
/ILC/1/tUdh-Navarre,http://www.iskoi.org/ilc/2/class/tteah
/ILC/1/tUE-European-Union,http://www.iskoi.org/ilc/2/class/tue
/ILC/1/tUf-Russia,http://www.iskoi.org/ilc/2/class/ttg
/ILC/1/tUi-Egypt,http://www.iskoi.org/ilc/2/class/tti
/ILC/1/tUq-Japan,http://www.iskoi.org/ilc/2/class/ttq
/ILC/1/tUs-Australia,http://www.iskoi.org/ilc/2/class/tts
/ILC/1/tUsWszy-Oceanian-states,http://www.iskoi.org/ilc/2/class/ttsWszy
/ILC/1/tUszn-New-Zealand,http://www.iskoi.org/ilc/2/class/ttszn
/ILC/1/tUu-United-States-of-America,http://www.iskoi.org/ilc/2/class/ttu
/ILC/1/tUwzv-Colombia,http://www.iskoi.org/ilc/2/class/ttwzv
/ILC/1/tUy-Argentina,http://www.iskoi.org/ilc/2/class/tty
/ILC/1/tUyzc-Chile,http://www.iskoi.org/ilc/2/class/ttyzc
/ILC/1/u3e-management,http://www.iskoi.org/ilc/2/class/uab
/ILC/1/u3k-advertising,http://www.iskoi.org/ilc/2/class/uai
/ILC/1/u3m20u-international-trade,http://www.iskoi.org/ilc/2/class/uak
/ILC/1/u3m-trade,http://www.iskoi.org/ilc/2/class/uak
/ILC/1/u3o-consumption,http://www.iskoi.org/ilc/2/class/uam
/ILC/1/u4-currencies,http://www.iskoi.org/ilc/2/class/uar
/ILC/1/u5o-corporation,http://www.iskoi.org/ilc/2/class/uo
/ILC/1/u67-asset,http://www.iskoi.org/ilc/2/class/uat
/ILC/1/u6l-land,http://www.iskoi.org/ilc/2/class/uatid
/ILC/1/u8-goods-and-services,http://www.iskoi.org/ilc/2/class/uad
/ILC/1/u9-labour,http://www.iskoi.org/ilc/2/class/uatb
/ILC/1/u9p-employment,http://www.iskoi.org/ilc/2/class/uatbp
/ILC/1/u-economies,http://www.iskoi.org/ilc/2/class/u
/ILC/1/v4-using-tool,http://www.iskoi.org/ilc/2/class/w
/ILC/1/v8f-nutrition,http://www.iskoi.org/ilc/2/class/vq
/ILC/1/vc-fishing,http://www.iskoi.org/ilc/2/class/vc
/ILC/1/ve-conservation,http://www.iskoi.org/ilc/2/class/ve
/ILC/1/vf-forestry,http://www.iskoi.org/ilc/2/class/vf
/ILC/1/V-general-class,http://www.iskoi.org/ilc/2/class/V
/ILC/1/vh-horticulture,http://www.iskoi.org/ilc/2/class/vh
/ILC/1/vj-subsistence,http://www.iskoi.org/ilc/2/class/vid
/ILC/1/vm-farming,http://www.iskoi.org/ilc/2/class/vi
/ILC/1/vo-husbandry,http://www.iskoi.org/ilc/2/class/vk
/ILC/1/vq-cooking,http://www.iskoi.org/ilc/2/class/vq
/ILC/1/v-technologies,http://www.iskoi.org/ilc/2/class/v
/ILC/1/vt-industry,http://www.iskoi.org/ilc/2/class/vt
/ILC/1/vtt-electricity,http://www.iskoi.org/ilc/2/class/vtr
/ILC/1/vtv-electronics,http://www.iskoi.org/ilc/2/class/vtt
/ILC/1/vw-information-technology,http://www.iskoi.org/ilc/2/class/wnu
/ILC/1/w4a-stone,http://www.iskoi.org/ilc/2/class/wafb
/ILC/1/w4d-wood,http://www.iskoi.org/ilc/2/class/wafd
/ILC/1/w4materials,http://www.iskoi.org/ilc/2/class/waf
/ILC/1/w4m-metal,http://www.iskoi.org/ilc/2/class/wafh
/ILC/1/w-artifacts,http://www.iskoi.org/ilc/2/class/w
/ILC/1/wc-clothing,http://www.iskoi.org/ilc/2/class/wf
/ILC/1/wdj-jewelry,http://www.iskoi.org/ilc/2/class/wgj
/ILC/1/wk-buildings,http://www.iskoi.org/ilc/2/class/ws
/ILC/1/wlm-metropolitan-areas,http://www.iskoi.org/ilc/2/class/wwn
/ILC/1/wl-settlements,http://www.iskoi.org/ilc/2/class/ww
/ILC/1/wnih-ships,http://www.iskoi.org/ilc/2/class/wvlh
/ILC/1/wni-vessels,http://www.iskoi.org/ilc/2/class/wvl
/ILC/1/wt-information-devices,http://www.iskoi.org/ilc/2/class/wn
/ILC/1/wtkb-books,http://www.iskoi.org/ilc/2/class/wnkb
/ILC/1/wtu-computers,http://www.iskoi.org/ilc/2/class/wnu
/ILC/1/wtwsh-webchat,http://www.iskoi.org/ilc/2/class/wnwsh
/ILC/1/wtws-the-Web,http://www.iskoi.org/ilc/2/class/wnws
/ILC/1/x-art,http://www.iskoi.org/ilc/2/class/x
/ILC/1/xb-sculptures,http://www.iskoi.org/ilc/2/class/xb
/ILC/1/xbu-monuments,http://www.iskoi.org/ilc/2/class/xbu
/ILC/1/xg-drawings,http://www.iskoi.org/ilc/2/class/xg
/ILC/1/xl-literature,http://www.iskoi.org/ilc/2/class/xl
/ILC/1/xm-music,http://www.iskoi.org/ilc/2/class/xm
/ILC/1/xn-dance,http://www.iskoi.org/ilc/2/class/xn
/ILC/1/xo-circus,http://www.iskoi.org/ilc/2/class/xo
/ILC/1/xr-theatre,http://www.iskoi.org/ilc/2/class/xr
/ILC/1/xxi-swimming,http://www.iskoi.org/ilc/2/class/xwi
/ILC/1/xxn-winter-sports,http://www.iskoi.org/ilc/2/class/xwn
/ILC/1/xxo-open-air-sports,http://www.iskoi.org/ilc/2/class/xwo
/ILC/1/xxt-ball-team-sport,http://www.iskoi.org/ilc/2/class/xwt
/ILC/1/xxts-soccer,http://www.iskoi.org/ilc/2/class/xwts
/ILC/1/xxw-motor-sports,http://www.iskoi.org/ilc/2/class/xww
/ILC/1/xy-entertainment,http://www.iskoi.org/ilc/2/class/xy
/ILC/1/y3ri-indexing,http://www.iskoi.org/ilc/2/class/xapgi
/ILC/1/y44w-online-documents,http://www.iskoi.org/ilc/2/class/wnw
/ILC/1/y49me-textbook,http://www.iskoi.org/ilc/2/class/ytcme
/ILC/1/y49x-index,http://www.iskoi.org/ilc/2/class/ytcx
/ILC/1/y4-documents,http://www.iskoi.org/ilc/2/class/yt
/ILC/1/y4g-map,http://www.iskoi.org/ilc/2/class/ytg
/ILC/1/y-knowledge,http://www.iskoi.org/ilc/2/class/y
/ILC/1/ys-sciences,http://www.iskoi.org/ilc/2/class/yi
/ILC/1/yty-library-and-information-science,http://www.iskoi.org/ilc/2/class/yity
/ILC/1/yuh-history,http://www.iskoi.org/ilc/2/class/yiv
/ILC/1/yu-humanities,http://www.iskoi.org/ilc/2/class/yiuWy
/ILC/1/zp-ancient-Egyptian-religion,http://www.iskoi.org/ilc/2/class/rp
/ILC/1/z-religion,http://www.iskoi.org/ilc/2/class/r
