/en/taxonomy/term/10746,en
/en/taxonomy/term/10747,fr
/en/taxonomy/term/10748,de
/en/taxonomy/term/10749,es
/en/taxonomy/term/10750,it
/en/taxonomy/term/10755,pt
/en/taxonomy/term/11573,da
/en/taxonomy/term/11574,fi
/en/taxonomy/term/11575,el
/en/taxonomy/term/11576,lt
/en/taxonomy/term/11577,no
/en/taxonomy/term/11578,sv
/en/taxonomy/term/11579,bg
/en/taxonomy/term/11580,et
/en/taxonomy/term/11581,ca
/en/taxonomy/term/11582,hr
/en/taxonomy/term/11583,lv
/en/taxonomy/term/11584,mt
/en/taxonomy/term/11585,nl
/en/taxonomy/term/11586,pl
/en/taxonomy/term/11587,he
/en/taxonomy/term/11588,zh
/en/taxonomy/term/11589,ro
/en/taxonomy/term/11590,ru
/en/taxonomy/term/11591,sr
/en/taxonomy/term/11592,sk
/en/taxonomy/term/11593,sl
/en/taxonomy/term/11594,cs
/en/taxonomy/term/11595,hu
/en/taxonomy/term/11596,mi
/en/taxonomy/term/11600,ar
/en/taxonomy/term/11601,eu
/en/taxonomy/term/11602,ga
/en/taxonomy/term/11603,tr
/en/taxonomy/term/11604,uk
/en/taxonomy/term/11607,la
/en/taxonomy/term/11651,ja
/en/taxonomy/term/11773,gl
/en/taxonomy/term/11775,sq
/en/taxonomy/term/11776,fur
/en/taxonomy/term/11780,is
/en/taxonomy/term/11781,ko
/en/taxonomy/term/11782,vi
/en/taxonomy/term/11791,fa
/en/taxonomy/term/11792,th
/en/taxonomy/term/11822,hi
/en/taxonomy/term/11823,lo
/en/taxonomy/term/11824,te
/en/taxonomy/term/11825,ms
/en/taxonomy/term/11836,id
/en/taxonomy/term/11923,az
/en/taxonomy/term/11924,mk
/en/taxonomy/term/11925,mn
/en/taxonomy/term/11926,tk
/en/taxonomy/term/11927,uz
/en/taxonomy/term/11929,hy
/en/taxonomy/term/11963,eo
/en/taxonomy/term/11964,ka
/en/taxonomy/term/11965,kk
/en/taxonomy/term/11966,ml
/en/taxonomy/term/11967,mr
/en/taxonomy/term/11968,pa
/en/taxonomy/term/11969,kn
/en/taxonomy/term/11970,si
/en/taxonomy/term/11971,ta
/en/taxonomy/term/12436,gd
/en/taxonomy/term/12440,nl
/en/taxonomy/term/12510,af
/en/taxonomy/term/12511,bn
/en/taxonomy/term/12512,be
/en/taxonomy/term/12513,ur
/en/taxonomy/term/12534,cy
/en/taxonomy/term/12541,tl
/en/taxonomy/term/12542,ps
/en/taxonomy/term/12543,km
/en/taxonomy/term/12544,dv
/en/taxonomy/term/12545,ne
/en/taxonomy/term/12627,gn
/en/taxonomy/term/12628,oc
/en/taxonomy/term/12629,sw
/en/taxonomy/term/12630,zgh
/en/taxonomy/term/12650,rup
/en/taxonomy/term/12652,sc
/en/taxonomy/term/12653,co
/en/taxonomy/term/14106,yi
/en/taxonomy/term/14107,yo
/en/taxonomy/term/14108,zu
/en/taxonomy/term/14109,so
/en/taxonomy/term/14110,su
/en/taxonomy/term/14111,tg
/en/taxonomy/term/14112,my
/en/taxonomy/term/14113,st
/en/taxonomy/term/14114,bs
/en/taxonomy/term/14115,ny
/en/taxonomy/term/14116,fil
/en/taxonomy/term/14117,ceb
/en/taxonomy/term/14118,gu
/en/taxonomy/term/14119,ht
/en/taxonomy/term/14120,ha
/en/taxonomy/term/14121,hmn
/en/taxonomy/term/14122,ig
/en/taxonomy/term/14123,jv
/en/taxonomy/term/14124,mg
/en/taxonomy/term/14128,nb
/en/taxonomy/term/14129,nn
/en/taxonomy/term/14133,rm
/en/taxonomy/term/51151,fo
/en/taxonomy/term/58688,bi
/en/taxonomy/term/58689,guh
/en/taxonomy/term/58690,lb
/en/taxonomy/term/58691,xh
